Biomolecule,Algorithm,PVal
CH2O2[M]+,Truth,1.73094535980405e-19
CH2O2[M]+,Clara,0.873403869222019
CH2O2[M]+,KCC,0.0472000172664627
CH2O2[M]+,KMeans,0.0472000172664627
CH2O2[M]+,Recolorize,0.0844243529667682
CH2O2[M]+,Supercells,0.827484933468152
CH2O2[M]+,Binning,0.143626668161225
CH2O2[M]+,MultiOtsu,0.147227959977571
CH2O2[M]+,PyTorch,1.20493615930728e-16
C22H32O9+Na,Truth,1.03502725599796e-39
C22H32O9+Na,Clara,0.00400804048852435
C22H32O9+Na,KCC,0.00014388223474676
C22H32O9+Na,KMeans,0.00014388223474676
C22H32O9+Na,Recolorize,0.000553501326777794
C22H32O9+Na,Supercells,5.798764750004e-08
C22H32O9+Na,Binning,0.00125888803586959
C22H32O9+Na,MultiOtsu,0.00695185687995207
C22H32O9+Na,PyTorch,1.0542318652223e-33
C9H21N3O+H,Truth,0.0382600038303379
C9H21N3O+H,Clara,0.418152985977762
C9H21N3O+H,KCC,0.546446518275206
C9H21N3O+H,KMeans,0.546446518275206
C9H21N3O+H,Recolorize,0.212423259593204
C9H21N3O+H,Supercells,0.00114211655890362
C9H21N3O+H,Binning,0.342377908337577
C9H21N3O+H,MultiOtsu,0.667938319098514
C9H21N3O+H,PyTorch,0.000244370212797357
C2H4O2[M]+,Truth,1.16669931566982e-28
C2H4O2[M]+,Clara,0.716019842164913
C2H4O2[M]+,KCC,0.234483904329199
C2H4O2[M]+,KMeans,0.234483904329199
C2H4O2[M]+,Recolorize,0.491406998276471
C2H4O2[M]+,Supercells,0.0417356355279382
C2H4O2[M]+,Binning,0.459592406568621
C2H4O2[M]+,MultiOtsu,0.555183101399478
C2H4O2[M]+,PyTorch,8.24090900825373e-36
C5H7NO3[M]+,Truth,0.0558647701057666
C5H7NO3[M]+,Clara,0.634480090807077
C5H7NO3[M]+,KCC,0.71319817776382
C5H7NO3[M]+,KMeans,0.71319817776382
C5H7NO3[M]+,Recolorize,0.212371629534304
C5H7NO3[M]+,Supercells,0.00988394695818874
C5H7NO3[M]+,Binning,0.515534417801877
C5H7NO3[M]+,MultiOtsu,0.659289240305221
C5H7NO3[M]+,PyTorch,0.601575487582153
C15H23N3O4+H,Truth,0.00558472232122584
C15H23N3O4+H,Clara,6.52481911430233e-05
C15H23N3O4+H,KCC,0.000886049874926948
C15H23N3O4+H,KMeans,0.000886049874926948
C15H23N3O4+H,Recolorize,0.635351811099463
C15H23N3O4+H,Supercells,0.00104589020550435
C15H23N3O4+H,Binning,0.895948430316531
C15H23N3O4+H,MultiOtsu,0.000660735261204486
C15H23N3O4+H,PyTorch,0.000139571274249536
C15H23N3O4[M]+,Truth,1.43390413654903e-29
C15H23N3O4[M]+,Clara,0.0103639077867782
C15H23N3O4[M]+,KCC,0.00114702155843212
C15H23N3O4[M]+,KMeans,0.00114702155843212
C15H23N3O4[M]+,Recolorize,0.00939305878187407
C15H23N3O4[M]+,Supercells,1.25745768169145e-13
C15H23N3O4[M]+,Binning,0.00959520568752199
C15H23N3O4[M]+,MultiOtsu,0.0167752207312879
C15H23N3O4[M]+,PyTorch,4.84777314253423e-30
C5H9N+K,Truth,0.224129904254788
C5H9N+K,Clara,0.000513340995430678
C5H9N+K,KCC,0.00320977769587555
C5H9N+K,KMeans,0.00320977769587555
C5H9N+K,Recolorize,0.168299954351918
C5H9N+K,Supercells,0.0546413418772777
C5H9N+K,Binning,0.172437961939286
C5H9N+K,MultiOtsu,0.00184042538768428
C5H9N+K,PyTorch,0.275344360736355
C7H8O2[M]+,Truth,0.272069118535756
C7H8O2[M]+,Clara,0.0594303313126115
C7H8O2[M]+,KCC,0.0198892293302155
C7H8O2[M]+,KMeans,0.0198892293302155
C7H8O2[M]+,Recolorize,0.47103044157302
C7H8O2[M]+,Supercells,0.728082195757429
C7H8O2[M]+,Binning,0.225980003217
C7H8O2[M]+,MultiOtsu,0.0386005777362666
C7H8O2[M]+,PyTorch,0.161590552962752
C5H11N+K,Truth,0.272069118535756
C5H11N+K,Clara,0.0594303313126115
C5H11N+K,KCC,0.0198892293302155
C5H11N+K,KMeans,0.0198892293302155
C5H11N+K,Recolorize,0.47103044157302
C5H11N+K,Supercells,0.728082195757429
C5H11N+K,Binning,0.225980003217
C5H11N+K,MultiOtsu,0.0386005777362666
C5H11N+K,PyTorch,0.161590552962752
C18H22BrNO+H,Truth,0.902396311200577
C18H22BrNO+H,Clara,0.0115174790894448
C18H22BrNO+H,KCC,0.0599211190878484
C18H22BrNO+H,KMeans,0.0599211190878484
C18H22BrNO+H,Recolorize,1.33714249924931e-05
C18H22BrNO+H,Supercells,0.0316204015027539
C18H22BrNO+H,Binning,0.000273279929768038
C18H22BrNO+H,MultiOtsu,0.065369483137453
C18H22BrNO+H,PyTorch,0.00619305575898807
C10H15N3O5[M]+,Truth,0.24895336578371
C10H15N3O5[M]+,Clara,0.395795709483217
C10H15N3O5[M]+,KCC,0.238119096774388
C10H15N3O5[M]+,KMeans,0.238119096774388
C10H15N3O5[M]+,Recolorize,0.187748909300926
C10H15N3O5[M]+,Supercells,0.940708043306337
C10H15N3O5[M]+,Binning,0.37696357408649
C10H15N3O5[M]+,MultiOtsu,0.16866751665295
C10H15N3O5[M]+,PyTorch,0.109049131019292
C5H8N2O2[M]+,Truth,9.97476368798736e-08
C5H8N2O2[M]+,Clara,0.167812962554135
C5H8N2O2[M]+,KCC,0.0290648833287494
C5H8N2O2[M]+,KMeans,0.0290648833287494
C5H8N2O2[M]+,Recolorize,0.0018970172696765
C5H8N2O2[M]+,Supercells,0.263922653721515
C5H8N2O2[M]+,Binning,0.00191405398611998
C5H8N2O2[M]+,MultiOtsu,0.026633507185739
C5H8N2O2[M]+,PyTorch,8.43905453914338e-05
C7H6O2[M]+,Truth,0.224129904254788
C7H6O2[M]+,Clara,0.000513340995430678
C7H6O2[M]+,KCC,0.00320977769587555
C7H6O2[M]+,KMeans,0.00320977769587555
C7H6O2[M]+,Recolorize,0.168299954351918
C7H6O2[M]+,Supercells,0.0546413418772777
C7H6O2[M]+,Binning,0.172437961939286
C7H6O2[M]+,MultiOtsu,0.00184042538768428
C7H6O2[M]+,PyTorch,0.275344360736355
C16H22N4O+Na,Truth,1.43390413654903e-29
C16H22N4O+Na,Clara,0.0103639077867782
C16H22N4O+Na,KCC,0.00114702155843212
C16H22N4O+Na,KMeans,0.00114702155843212
C16H22N4O+Na,Recolorize,0.00939305878187407
C16H22N4O+Na,Supercells,1.25745768169145e-13
C16H22N4O+Na,Binning,0.00959520568752199
C16H22N4O+Na,MultiOtsu,0.0167752207312879
C16H22N4O+Na,PyTorch,4.84777314253423e-30
C3H5NO[M]+,Truth,2.49338673853073e-23
C3H5NO[M]+,Clara,0.753504457053168
C3H5NO[M]+,KCC,0.0619974757058533
C3H5NO[M]+,KMeans,0.0619974757058533
C3H5NO[M]+,Recolorize,0.0133610285314889
C3H5NO[M]+,Supercells,8.84941561373649e-05
C3H5NO[M]+,Binning,0.0881599223437772
C3H5NO[M]+,MultiOtsu,0.233086293202215
C3H5NO[M]+,PyTorch,3.19254896464034e-24
C12H24O6[M]+,Truth,0.442645225986929
C12H24O6[M]+,Clara,0.0334403460630095
C12H24O6[M]+,KCC,0.120660907961875
C12H24O6[M]+,KMeans,0.120660907961875
C12H24O6[M]+,Recolorize,0.000237997144314625
C12H24O6[M]+,Supercells,0.516887476944461
C12H24O6[M]+,Binning,4.21172751988539e-05
C12H24O6[M]+,MultiOtsu,0.0982397734444949
C12H24O6[M]+,PyTorch,0.233110023976498
C5H9NO2+K,Truth,1.03678564606301e-13
C5H9NO2+K,Clara,0.00143541968869214
C5H9NO2+K,KCC,0.000966935758390072
C5H9NO2+K,KMeans,0.000966935758390072
C5H9NO2+K,Recolorize,0.108841102828354
C5H9NO2+K,Supercells,0.0091028772124096
C5H9NO2+K,Binning,0.0144445406561324
C5H9NO2+K,MultiOtsu,0.0086472507070738
C5H9NO2+K,PyTorch,2.52052199883583e-10
C5H9NO3+K,Truth,3.34593391330073e-16
C5H9NO3+K,Clara,0.00641381660709372
C5H9NO3+K,KCC,0.00107611243101273
C5H9NO3+K,KMeans,0.00107611243101273
C5H9NO3+K,Recolorize,0.028440588048803
C5H9NO3+K,Supercells,4.81789240597273e-05
C5H9NO3+K,Binning,0.0014747757228028
C5H9NO3+K,MultiOtsu,0.000527162536715594
C5H9NO3+K,PyTorch,5.37005086331179e-24
C7H6O5[M]+,Truth,3.34593391330073e-16
C7H6O5[M]+,Clara,0.00641381660709372
C7H6O5[M]+,KCC,0.00107611243101273
C7H6O5[M]+,KMeans,0.00107611243101273
C7H6O5[M]+,Recolorize,0.028440588048803
C7H6O5[M]+,Supercells,4.81789240597273e-05
C7H6O5[M]+,Binning,0.0014747757228028
C7H6O5[M]+,MultiOtsu,0.000527162536715594
C7H6O5[M]+,PyTorch,5.37005086331179e-24
C3H8N2O[M]+,Truth,1.09193695247121e-18
C3H8N2O[M]+,Clara,0.697829620625807
C3H8N2O[M]+,KCC,0.393527214831885
C3H8N2O[M]+,KMeans,0.393527214831885
C3H8N2O[M]+,Recolorize,0.0819779663116912
C3H8N2O[M]+,Supercells,0.281549375748787
C3H8N2O[M]+,Binning,0.328983544056646
C3H8N2O[M]+,MultiOtsu,0.583619171424999
C3H8N2O[M]+,PyTorch,7.70670225971802e-16
C13H23NO3+Na,Truth,0.442645225986929
C13H23NO3+Na,Clara,0.0334403460630095
C13H23NO3+Na,KCC,0.120660907961875
C13H23NO3+Na,KMeans,0.120660907961875
C13H23NO3+Na,Recolorize,0.000237997144314625
C13H23NO3+Na,Supercells,0.516887476944461
C13H23NO3+Na,Binning,4.21172751988539e-05
C13H23NO3+Na,MultiOtsu,0.0982397734444949
C13H23NO3+Na,PyTorch,0.233110023976498
C13H26N4O2+K,Truth,2.51658810386337e-27
C13H26N4O2+K,Clara,0.0115778260092778
C13H26N4O2+K,KCC,0.00103127704815209
C13H26N4O2+K,KMeans,0.00103127704815209
C13H26N4O2+K,Recolorize,0.00447361029001958
C13H26N4O2+K,Supercells,3.29192833033259e-14
C13H26N4O2+K,Binning,0.00380095625093337
C13H26N4O2+K,MultiOtsu,0.0143549710823949
C13H26N4O2+K,PyTorch,1.64442298127587e-27
C6H10N2O3[M]+,Truth,0.0701260944412081
C6H10N2O3[M]+,Clara,0.489131895240744
C6H10N2O3[M]+,KCC,0.787432954983958
C6H10N2O3[M]+,KMeans,0.787432954983958
C6H10N2O3[M]+,Recolorize,0.0130896348778815
C6H10N2O3[M]+,Supercells,0.268397284522441
C6H10N2O3[M]+,Binning,0.0176038255764192
C6H10N2O3[M]+,MultiOtsu,0.924062947179777
C6H10N2O3[M]+,PyTorch,0.0363079099941647
C4H6O5[M]+,Truth,0.0889726882425705
C4H6O5[M]+,Clara,0.7863794546611
C4H6O5[M]+,KCC,0.99424991635537
C4H6O5[M]+,KMeans,0.99424991635537
C4H6O5[M]+,Recolorize,0.202567950833762
C4H6O5[M]+,Supercells,0.835610341924209
C4H6O5[M]+,Binning,0.326364459033525
C4H6O5[M]+,MultiOtsu,0.902767637435316
C4H6O5[M]+,PyTorch,0.0712728613314377
C8H5NO2+Na,Truth,3.34593391330073e-16
C8H5NO2+Na,Clara,0.00641381660709372
C8H5NO2+Na,KCC,0.00107611243101273
C8H5NO2+Na,KMeans,0.00107611243101273
C8H5NO2+Na,Recolorize,0.028440588048803
C8H5NO2+Na,Supercells,4.81789240597273e-05
C8H5NO2+Na,Binning,0.0014747757228028
C8H5NO2+Na,MultiOtsu,0.000527162536715594
C8H5NO2+Na,PyTorch,5.37005086331179e-24
C3H6O3[M]+,Truth,0.231539961689533
C3H6O3[M]+,Clara,0.800444988403729
C3H6O3[M]+,KCC,0.69012850728191
C3H6O3[M]+,KMeans,0.69012850728191
C3H6O3[M]+,Recolorize,0.075100687500225
C3H6O3[M]+,Supercells,0.0977907761641346
C3H6O3[M]+,Binning,0.0991666020457869
C3H6O3[M]+,MultiOtsu,0.794121156526896
C3H6O3[M]+,PyTorch,0.265055330004019
C8H10S2[M]+,Truth,3.34593391330073e-16
C8H10S2[M]+,Clara,0.00641381660709372
C8H10S2[M]+,KCC,0.00107611243101273
C8H10S2[M]+,KMeans,0.00107611243101273
C8H10S2[M]+,Recolorize,0.028440588048803
C8H10S2[M]+,Supercells,4.81789240597273e-05
C8H10S2[M]+,Binning,0.0014747757228028
C8H10S2[M]+,MultiOtsu,0.000527162536715594
C8H10S2[M]+,PyTorch,5.37005086331179e-24
C12H13NO5+K,Truth,3.03742952218918e-16
C12H13NO5+K,Clara,0.000317698459174967
C12H13NO5+K,KCC,0.000112681019166103
C12H13NO5+K,KMeans,0.000112681019166103
C12H13NO5+K,Recolorize,0.0137888757908436
C12H13NO5+K,Supercells,2.54922692732546e-05
C12H13NO5+K,Binning,0.00193998811111561
C12H13NO5+K,MultiOtsu,0.00143672800035908
C12H13NO5+K,PyTorch,1.67559612211508e-11
C13H16N2O4+H,Truth,0.146642441956328
C13H16N2O4+H,Clara,0.016086226729806
C13H16N2O4+H,KCC,0.0500310086575268
C13H16N2O4+H,KMeans,0.0500310086575268
C13H16N2O4+H,Recolorize,0.236587420315485
C13H16N2O4+H,Supercells,0.531609826813857
C13H16N2O4+H,Binning,0.84972597166013
C13H16N2O4+H,MultiOtsu,0.0281432970554873
C13H16N2O4+H,PyTorch,0.00702799289112968
C21H14O10[M]+,Truth,8.97919666436214e-09
C21H14O10[M]+,Clara,0.00183428173192864
C21H14O10[M]+,KCC,0.00479396638696431
C21H14O10[M]+,KMeans,0.00479396638696431
C21H14O10[M]+,Recolorize,0.0288920355993084
C21H14O10[M]+,Supercells,0.000824314942524083
C21H14O10[M]+,Binning,0.0313299879138796
C21H14O10[M]+,MultiOtsu,0.0230480949939587
C21H14O10[M]+,PyTorch,0.00021831584580476
CH4O[M]+,Truth,3.650453647781e-10
CH4O[M]+,Clara,0.43343775675364
CH4O[M]+,KCC,0.780803041458771
CH4O[M]+,KMeans,0.780803041458771
CH4O[M]+,Recolorize,0.357011994006527
CH4O[M]+,Supercells,0.0493309218311243
CH4O[M]+,Binning,0.717548347398505
CH4O[M]+,MultiOtsu,0.642877771634927
CH4O[M]+,PyTorch,1.81799042766203e-09
C7H6O4[M]+,Truth,1.03678564606301e-13
C7H6O4[M]+,Clara,0.00143541968869214
C7H6O4[M]+,KCC,0.000966935758390072
C7H6O4[M]+,KMeans,0.000966935758390072
C7H6O4[M]+,Recolorize,0.108841102828354
C7H6O4[M]+,Supercells,0.0091028772124096
C7H6O4[M]+,Binning,0.0144445406561324
C7H6O4[M]+,MultiOtsu,0.0086472507070738
C7H6O4[M]+,PyTorch,2.52052199883583e-10
C15H20O4[M]+,Truth,0.809337804702235
C15H20O4[M]+,Clara,0.135610708993158
C15H20O4[M]+,KCC,0.340400921591942
C15H20O4[M]+,KMeans,0.340400921591942
C15H20O4[M]+,Recolorize,0.653545409187617
C15H20O4[M]+,Supercells,0.162835017674082
C15H20O4[M]+,Binning,0.747320707439569
C15H20O4[M]+,MultiOtsu,0.293694937602593
C15H20O4[M]+,PyTorch,0.86726709092375
C5H10S2[M]+,Truth,0.0992954849161241
C5H10S2[M]+,Clara,0.75045799209066
C5H10S2[M]+,KCC,0.974117989240525
C5H10S2[M]+,KMeans,0.974117989240525
C5H10S2[M]+,Recolorize,0.196256031318875
C5H10S2[M]+,Supercells,0.846409879659159
C5H10S2[M]+,Binning,0.320358270509008
C5H10S2[M]+,MultiOtsu,0.904693713703142
C5H10S2[M]+,PyTorch,0.0708530025688348
C4H5N+Na,Truth,0.231539961689533
C4H5N+Na,Clara,0.800444988403729
C4H5N+Na,KCC,0.69012850728191
C4H5N+Na,KMeans,0.69012850728191
C4H5N+Na,Recolorize,0.075100687500225
C4H5N+Na,Supercells,0.0977907761641346
C4H5N+Na,Binning,0.0991666020457869
C4H5N+Na,MultiOtsu,0.794121156526896
C4H5N+Na,PyTorch,0.265055330004019
C5H5NO2+Na,Truth,0.0889726882425705
C5H5NO2+Na,Clara,0.7863794546611
C5H5NO2+Na,KCC,0.99424991635537
C5H5NO2+Na,KMeans,0.99424991635537
C5H5NO2+Na,Recolorize,0.202567950833762
C5H5NO2+Na,Supercells,0.835610341924209
C5H5NO2+Na,Binning,0.326364459033525
C5H5NO2+Na,MultiOtsu,0.902767637435316
C5H5NO2+Na,PyTorch,0.0712728613314377
C10H20N2O4+K,Truth,0.818926550668963
C10H20N2O4+K,Clara,0.800759532260726
C10H20N2O4+K,KCC,0.990767276874619
C10H20N2O4+K,KMeans,0.990767276874619
C10H20N2O4+K,Recolorize,0.529352622134845
C10H20N2O4+K,Supercells,0.00290409229240666
C10H20N2O4+K,Binning,0.315567337737288
C10H20N2O4+K,MultiOtsu,0.775308722550043
C10H20N2O4+K,PyTorch,0.915508571675593
C9H14N2O7[M]+,Truth,0.0815056795791163
C9H14N2O7[M]+,Clara,0.00136703809086612
C9H14N2O7[M]+,KCC,0.0161919012024225
C9H14N2O7[M]+,KMeans,0.0161919012024225
C9H14N2O7[M]+,Recolorize,0.0238117788352046
C9H14N2O7[M]+,Supercells,0.215767314224033
C9H14N2O7[M]+,Binning,0.0241125786236956
C9H14N2O7[M]+,MultiOtsu,0.01846330765705
C9H14N2O7[M]+,PyTorch,0.0047093185995017
C18H36O2[M]+,Truth,0.0063219349019432
C18H36O2[M]+,Clara,0.008292896049393
C18H36O2[M]+,KCC,0.0126056118987132
C18H36O2[M]+,KMeans,0.0126056118987132
C18H36O2[M]+,Recolorize,0.402246759252799
C18H36O2[M]+,Supercells,0.00501454039617859
C18H36O2[M]+,Binning,0.541887227335623
C18H36O2[M]+,MultiOtsu,0.00645902581440632
C18H36O2[M]+,PyTorch,0.0278399215083894
C13H18N2O4[M]+,Truth,0.497028812669089
C13H18N2O4[M]+,Clara,0.233199830802957
C13H18N2O4[M]+,KCC,0.442759636821761
C13H18N2O4[M]+,KMeans,0.442759636821761
C13H18N2O4[M]+,Recolorize,0.0466283203053783
C13H18N2O4[M]+,Supercells,0.968898634254753
C13H18N2O4[M]+,Binning,0.221686575860594
C13H18N2O4[M]+,MultiOtsu,0.318792336177963
C13H18N2O4[M]+,PyTorch,0.0828619335837369
C13H16N2O4[M]+,Truth,0.00280893324538492
C13H16N2O4[M]+,Clara,0.960705757304968
C13H16N2O4[M]+,KCC,0.420409199344629
C13H16N2O4[M]+,KMeans,0.420409199344629
C13H16N2O4[M]+,Recolorize,0.698968397388542
C13H16N2O4[M]+,Supercells,0.76002854804772
C13H16N2O4[M]+,Binning,0.0549777852420358
C13H16N2O4[M]+,MultiOtsu,0.494963454683174
C13H16N2O4[M]+,PyTorch,0.0028270207616474
C10H16N2O8[M]+,Truth,0.0503140454689959
C10H16N2O8[M]+,Clara,0.631123559717508
C10H16N2O8[M]+,KCC,0.677648440107391
C10H16N2O8[M]+,KMeans,0.677648440107391
C10H16N2O8[M]+,Recolorize,0.0134260835715174
C10H16N2O8[M]+,Supercells,0.733011481008198
C10H16N2O8[M]+,Binning,0.0501375838961732
C10H16N2O8[M]+,MultiOtsu,0.789478464630226
C10H16N2O8[M]+,PyTorch,0.0121559580300902
C14H14O6[M]+,Truth,0.0516414471225012
C14H14O6[M]+,Clara,0.337460252462818
C14H14O6[M]+,KCC,0.279590718537707
C14H14O6[M]+,KMeans,0.279590718537707
C14H14O6[M]+,Recolorize,0.98697054106061
C14H14O6[M]+,Supercells,0.749416119577199
C14H14O6[M]+,Binning,0.486264183539598
C14H14O6[M]+,MultiOtsu,0.434128993967359
C14H14O6[M]+,PyTorch,0.0915832650341955
C20H30O2[M]+,Truth,0.636654443792924
C20H30O2[M]+,Clara,0.948604547394195
C20H30O2[M]+,KCC,0.872666745976141
C20H30O2[M]+,KMeans,0.872666745976141
C20H30O2[M]+,Recolorize,0.09948805171348
C20H30O2[M]+,Supercells,8.08992507616384e-07
C20H30O2[M]+,Binning,0.994021178306836
C20H30O2[M]+,MultiOtsu,0.938290245627528
C20H30O2[M]+,PyTorch,0.0965571132411037
C5H10N2O3[M]+,Truth,0.413397770243376
C5H10N2O3[M]+,Clara,0.472725474788722
C5H10N2O3[M]+,KCC,0.834419883929857
C5H10N2O3[M]+,KMeans,0.834419883929857
C5H10N2O3[M]+,Recolorize,0.782374749664905
C5H10N2O3[M]+,Supercells,0.498582006031008
C5H10N2O3[M]+,Binning,0.85058856611505
C5H10N2O3[M]+,MultiOtsu,0.925368462351224
C5H10N2O3[M]+,PyTorch,0.628447725894296
C5H10N2O[M]+,Truth,2.08789555819221e-08
C5H10N2O[M]+,Clara,0.356200083983499
C5H10N2O[M]+,KCC,0.488889320217203
C5H10N2O[M]+,KMeans,0.488889320217203
C5H10N2O[M]+,Recolorize,0.473620021437733
C5H10N2O[M]+,Supercells,0.0460774336369773
C5H10N2O[M]+,Binning,0.261746817247326
C5H10N2O[M]+,MultiOtsu,0.458253168493028
C5H10N2O[M]+,PyTorch,1.74129431087861e-09
C17H20N2O2+H,Truth,0.00640132406929476
C17H20N2O2+H,Clara,2.11841159215937e-07
C17H20N2O2+H,KCC,1.01486033456937e-05
C17H20N2O2+H,KMeans,1.01486033456937e-05
C17H20N2O2+H,Recolorize,0.390367451961711
C17H20N2O2+H,Supercells,0.204546595646919
C17H20N2O2+H,Binning,0.304404875755679
C17H20N2O2+H,MultiOtsu,1.10194519464326e-05
C17H20N2O2+H,PyTorch,0.00302849303794647
C14H12O5[M]+,Truth,0.0300689639672699
C14H12O5[M]+,Clara,0.549002871995996
C14H12O5[M]+,KCC,0.438367568214537
C14H12O5[M]+,KMeans,0.438367568214537
C14H12O5[M]+,Recolorize,0.507624341658443
C14H12O5[M]+,Supercells,0.478887702649022
C14H12O5[M]+,Binning,0.882355902183803
C14H12O5[M]+,MultiOtsu,0.506132651415213
C14H12O5[M]+,PyTorch,0.0476039769714674
CH2O[M]+,Truth,0.499156273985248
CH2O[M]+,Clara,0.00250607113809696
CH2O[M]+,KCC,0.00631757029811551
CH2O[M]+,KMeans,0.00631757029811551
CH2O[M]+,Recolorize,0.0517561232104815
CH2O[M]+,Supercells,0.00552922656626856
CH2O[M]+,Binning,0.0464840491177159
CH2O[M]+,MultiOtsu,0.000984955287374833
CH2O[M]+,PyTorch,0.64206340555717
C10H21N3O3[M]+,Truth,3.99977814289087e-20
C10H21N3O3[M]+,Clara,0.348179371491006
C10H21N3O3[M]+,KCC,0.782071558876205
C10H21N3O3[M]+,KMeans,0.782071558876205
C10H21N3O3[M]+,Recolorize,0.0768121295773575
C10H21N3O3[M]+,Supercells,0.000646135898782349
C10H21N3O3[M]+,Binning,0.00994363388238301
C10H21N3O3[M]+,MultiOtsu,0.966981081663976
C10H21N3O3[M]+,PyTorch,8.6734821095179e-21
C7H10O5[M]+,Truth,0.293154147510133
C7H10O5[M]+,Clara,0.232629389674992
C7H10O5[M]+,KCC,0.324476510809923
C7H10O5[M]+,KMeans,0.324476510809923
C7H10O5[M]+,Recolorize,0.405424828562642
C7H10O5[M]+,Supercells,0.464588361376472
C7H10O5[M]+,Binning,0.0605693789752914
C7H10O5[M]+,MultiOtsu,0.436334945855774
C7H10O5[M]+,PyTorch,0.104221519841914
C6H10O5[M]+,Truth,0.560414683811318
C6H10O5[M]+,Clara,0.242590636185444
C6H10O5[M]+,KCC,0.774119010885088
C6H10O5[M]+,KMeans,0.774119010885088
C6H10O5[M]+,Recolorize,0.775354320420577
C6H10O5[M]+,Supercells,0.398048104412142
C6H10O5[M]+,Binning,0.55188222239612
C6H10O5[M]+,MultiOtsu,0.820100928200698
C6H10O5[M]+,PyTorch,0.579502900002667
C6H8O5[M]+,Truth,0.475692264290897
C6H8O5[M]+,Clara,0.795772040586909
C6H8O5[M]+,KCC,0.892745424256707
C6H8O5[M]+,KMeans,0.892745424256707
C6H8O5[M]+,Recolorize,0.840553527189996
C6H8O5[M]+,Supercells,0.905026753701382
C6H8O5[M]+,Binning,0.369994092034617
C6H8O5[M]+,MultiOtsu,0.525960288125005
C6H8O5[M]+,PyTorch,0.236856859921335
C3H4O4[M]+,Truth,0.383322526026905
C3H4O4[M]+,Clara,0.139885378079483
C3H4O4[M]+,KCC,0.141177071731194
C3H4O4[M]+,KMeans,0.141177071731194
C3H4O4[M]+,Recolorize,0.0905557918363967
C3H4O4[M]+,Supercells,0.85135879898979
C3H4O4[M]+,Binning,0.421656724366736
C3H4O4[M]+,MultiOtsu,0.220322031111292
C3H4O4[M]+,PyTorch,0.426221247320687
C5H8O5[M]+,Truth,0.897667605881469
C5H8O5[M]+,Clara,0.245994683915554
C5H8O5[M]+,KCC,0.36802229358118
C5H8O5[M]+,KMeans,0.36802229358118
C5H8O5[M]+,Recolorize,0.335238714154831
C5H8O5[M]+,Supercells,0.550190420203292
C5H8O5[M]+,Binning,0.535455460137543
C5H8O5[M]+,MultiOtsu,0.533231527845486
C5H8O5[M]+,PyTorch,0.800935934275731
C7H14S2[M]+,Truth,0.626809280304909
C7H14S2[M]+,Clara,0.264553842913752
C7H14S2[M]+,KCC,0.744848306968762
C7H14S2[M]+,KMeans,0.744848306968762
C7H14S2[M]+,Recolorize,0.735136443965639
C7H14S2[M]+,Supercells,0.369618320513971
C7H14S2[M]+,Binning,0.497288727948813
C7H14S2[M]+,MultiOtsu,0.833767777154909
C7H14S2[M]+,PyTorch,0.575201134401676
C15H10O7[M]+,Truth,0.954464644116451
C15H10O7[M]+,Clara,0.79516992157135
C15H10O7[M]+,KCC,0.995417215999946
C15H10O7[M]+,KMeans,0.995417215999946
C15H10O7[M]+,Recolorize,0.739630149712847
C15H10O7[M]+,Supercells,0.508358136394926
C15H10O7[M]+,Binning,0.734857336135559
C15H10O7[M]+,MultiOtsu,0.995417215999946
C15H10O7[M]+,PyTorch,0.954464644116451
C8H12O6[M]+,Truth,0.61552799533573
C8H12O6[M]+,Clara,0.835440679730707
C8H12O6[M]+,KCC,0.823421939087634
C8H12O6[M]+,KMeans,0.823421939087634
C8H12O6[M]+,Recolorize,0.52681812130177
C8H12O6[M]+,Supercells,0.559955492084899
C8H12O6[M]+,Binning,0.730371135002007
C8H12O6[M]+,MultiOtsu,0.496176987967689
C8H12O6[M]+,PyTorch,0.637422302694506
C7H12O6[M]+,Truth,0.104681628126821
C7H12O6[M]+,Clara,0.899064341741709
C7H12O6[M]+,KCC,0.890885141104058
C7H12O6[M]+,KMeans,0.890885141104058
C7H12O6[M]+,Recolorize,0.895262141082044
C7H12O6[M]+,Supercells,0.994754273938937
C7H12O6[M]+,Binning,0.481449212327995
C7H12O6[M]+,MultiOtsu,0.628776249279219
C7H12O6[M]+,PyTorch,0.0900730645681441
C10H16N4O4[M]+,Truth,0.107494584190401
C10H16N4O4[M]+,Clara,0.360394639031858
C10H16N4O4[M]+,KCC,0.355441809232402
C10H16N4O4[M]+,KMeans,0.355441809232402
C10H16N4O4[M]+,Recolorize,0.0133003959985097
C10H16N4O4[M]+,Supercells,0.0430748238622427
C10H16N4O4[M]+,Binning,0.0484434961064727
C10H16N4O4[M]+,MultiOtsu,0.31852992540236
C10H16N4O4[M]+,PyTorch,0.0118369016100424
C8H14OS2[M]+,Truth,0.634682699887864
C8H14OS2[M]+,Clara,0.196280959789789
C8H14OS2[M]+,KCC,0.323627630168491
C8H14OS2[M]+,KMeans,0.323627630168491
C8H14OS2[M]+,Recolorize,0.458538542628227
C8H14OS2[M]+,Supercells,0.492222362593256
C8H14OS2[M]+,Binning,0.987748714357485
C8H14OS2[M]+,MultiOtsu,0.581021702655807
C8H14OS2[M]+,PyTorch,0.517390917797852
C4H8N2O3[M]+,Truth,0.011566114017535
C4H8N2O3[M]+,Clara,0.322526372745505
C4H8N2O3[M]+,KCC,0.106599530110916
C4H8N2O3[M]+,KMeans,0.106599530110916
C4H8N2O3[M]+,Recolorize,0.0829165506730251
C4H8N2O3[M]+,Supercells,0.648144565061972
C4H8N2O3[M]+,Binning,0.109310492579601
C4H8N2O3[M]+,MultiOtsu,0.100407571837863
C4H8N2O3[M]+,PyTorch,0.551010698641915
C16H32O2[M]+,Truth,0.0162668287813278
C16H32O2[M]+,Clara,0.0523331434354827
C16H32O2[M]+,KCC,0.049255302578328
C16H32O2[M]+,KMeans,0.049255302578328
C16H32O2[M]+,Recolorize,0.519998235509877
C16H32O2[M]+,Supercells,0.0157032805077301
C16H32O2[M]+,Binning,0.717861747645217
C16H32O2[M]+,MultiOtsu,0.0529920369211582
C16H32O2[M]+,PyTorch,0.133409481094678
C7H10N2O4[M]+,Truth,0.567280376572466
C7H10N2O4[M]+,Clara,0.882274205754145
C7H10N2O4[M]+,KCC,0.681605828033084
C7H10N2O4[M]+,KMeans,0.681605828033084
C7H10N2O4[M]+,Recolorize,0.0319081264964664
C7H10N2O4[M]+,Supercells,0.625270964745211
C7H10N2O4[M]+,Binning,0.0867520406665422
C7H10N2O4[M]+,MultiOtsu,0.595267888200871
C7H10N2O4[M]+,PyTorch,0.0689144907925622
C5H11NO2[M]+,Truth,0.132090978166107
C5H11NO2[M]+,Clara,0.504495303147405
C5H11NO2[M]+,KCC,0.532676355126434
C5H11NO2[M]+,KMeans,0.532676355126434
C5H11NO2[M]+,Recolorize,0.224805023297968
C5H11NO2[M]+,Supercells,0.00416037608406674
C5H11NO2[M]+,Binning,0.27531005735532
C5H11NO2[M]+,MultiOtsu,0.358768948576502
C5H11NO2[M]+,PyTorch,0.941296645466874
C5H8O4[M]+,Truth,0.608282624207483
C5H8O4[M]+,Clara,0.707389681231462
C5H8O4[M]+,KCC,0.752347698782412
C5H8O4[M]+,KMeans,0.752347698782412
C5H8O4[M]+,Recolorize,0.215428317296971
C5H8O4[M]+,Supercells,0.145642324761326
C5H8O4[M]+,Binning,0.311622465703618
C5H8O4[M]+,MultiOtsu,0.655788973449033
C5H8O4[M]+,PyTorch,0.885088392154335
C8H10O6[M]+,Truth,0.565437123160714
C8H10O6[M]+,Clara,0.61254467613509
C8H10O6[M]+,KCC,0.818692039258636
C8H10O6[M]+,KMeans,0.818692039258636
C8H10O6[M]+,Recolorize,0.510092027978718
C8H10O6[M]+,Supercells,0.360814407009001
C8H10O6[M]+,Binning,0.766068885263136
C8H10O6[M]+,MultiOtsu,0.80583501264349
C8H10O6[M]+,PyTorch,0.714398195119067
C3H4O2[M]+,Truth,0.0829777148415539
C3H4O2[M]+,Clara,0.0689143327604466
C3H4O2[M]+,KCC,0.122114729939296
C3H4O2[M]+,KMeans,0.122114729939296
C3H4O2[M]+,Recolorize,0.000994995649416547
C3H4O2[M]+,Supercells,0.0811225299140038
C3H4O2[M]+,Binning,0.000553773068940301
C3H4O2[M]+,MultiOtsu,0.148649655204169
C3H4O2[M]+,PyTorch,0.0153765761110654
C7H10O2[M]+,Truth,0.715106304790615
C7H10O2[M]+,Clara,0.453581612604945
C7H10O2[M]+,KCC,0.586846038228829
C7H10O2[M]+,KMeans,0.586846038228829
C7H10O2[M]+,Recolorize,0.994283082173641
C7H10O2[M]+,Supercells,0.0617856332196928
C7H10O2[M]+,Binning,0.75832701686099
C7H10O2[M]+,MultiOtsu,0.518223191040739
C7H10O2[M]+,PyTorch,0.0435642210082227
C12H18N2O2[M]+,Truth,0.000661698198810288
C12H18N2O2[M]+,Clara,0.410281203560606
C12H18N2O2[M]+,KCC,0.650143148955958
C12H18N2O2[M]+,KMeans,0.650143148955958
C12H18N2O2[M]+,Recolorize,0.754168987346487
C12H18N2O2[M]+,Supercells,0.368947841056674
C12H18N2O2[M]+,Binning,0.803276955694191
C12H18N2O2[M]+,MultiOtsu,0.794805402405357
C12H18N2O2[M]+,PyTorch,0.000492220896974982
C20H22O2[M]+,Truth,0.655693685127503
C20H22O2[M]+,Clara,0.461967395066301
C20H22O2[M]+,KCC,0.25048995060482
C20H22O2[M]+,KMeans,0.25048995060482
C20H22O2[M]+,Recolorize,0.282778470804219
C20H22O2[M]+,Supercells,0.0247302989411649
C20H22O2[M]+,Binning,0.861078856826155
C20H22O2[M]+,MultiOtsu,0.212767335395535
C20H22O2[M]+,PyTorch,0.469433867025613
C6H12O4[M]+,Truth,0.473599883706094
C6H12O4[M]+,Clara,0.45792454176958
C6H12O4[M]+,KCC,0.396948215661619
C6H12O4[M]+,KMeans,0.396948215661619
C6H12O4[M]+,Recolorize,0.133845366386244
C6H12O4[M]+,Supercells,0.396730950441845
C6H12O4[M]+,Binning,0.348480450390039
C6H12O4[M]+,MultiOtsu,0.427826131758521
C6H12O4[M]+,PyTorch,0.356521377216135
C8H12O5[M]+,Truth,0.724751221122032
C8H12O5[M]+,Clara,0.680434078984597
C8H12O5[M]+,KCC,0.99115016004201
C8H12O5[M]+,KMeans,0.99115016004201
C8H12O5[M]+,Recolorize,0.547884676624268
C8H12O5[M]+,Supercells,0.960611361020817
C8H12O5[M]+,Binning,0.330526105777086
C8H12O5[M]+,MultiOtsu,0.720282534089696
C8H12O5[M]+,PyTorch,0.980682268100321
C6H12S2[M]+,Truth,0.896170563715958
C6H12S2[M]+,Clara,0.205545973677963
C6H12S2[M]+,KCC,0.338743583184036
C6H12S2[M]+,KMeans,0.338743583184036
C6H12S2[M]+,Recolorize,0.262400169072424
C6H12S2[M]+,Supercells,0.542851246000277
C6H12S2[M]+,Binning,0.515677758664436
C6H12S2[M]+,MultiOtsu,0.476043605530835
C6H12S2[M]+,PyTorch,0.813964988587768
C9H8O6[M]+,Truth,7.56744359622955e-14
C9H8O6[M]+,Clara,0.783226572596485
C9H8O6[M]+,KCC,0.55777374387013
C9H8O6[M]+,KMeans,0.55777374387013
C9H8O6[M]+,Recolorize,0.408790986041363
C9H8O6[M]+,Supercells,0.362267486080149
C9H8O6[M]+,Binning,0.057610963015716
C9H8O6[M]+,MultiOtsu,0.726246016340538
C9H8O6[M]+,PyTorch,3.1627927331264e-11
C10H18N4O5[M]+,Truth,0.0408151328859758
C10H18N4O5[M]+,Clara,0.0199297604646987
C10H18N4O5[M]+,KCC,0.0414057532637467
C10H18N4O5[M]+,KMeans,0.0414057532637467
C10H18N4O5[M]+,Recolorize,0.400171346574479
C10H18N4O5[M]+,Supercells,0.158529397418809
C10H18N4O5[M]+,Binning,0.111287013125303
C10H18N4O5[M]+,MultiOtsu,0.0298614794209482
C10H18N4O5[M]+,PyTorch,0.0704856869977744
C2H4O3[M]+,Truth,0.000539472443848908
C2H4O3[M]+,Clara,0.391737929102184
C2H4O3[M]+,KCC,0.519006569610539
C2H4O3[M]+,KMeans,0.519006569610539
C2H4O3[M]+,Recolorize,0.703968815024977
C2H4O3[M]+,Supercells,0.0193139734305767
C2H4O3[M]+,Binning,0.857879511788895
C2H4O3[M]+,MultiOtsu,0.559883751057574
C2H4O3[M]+,PyTorch,0.0419495400741763
C8H12O7[M]+,Truth,0.99486996513092
C8H12O7[M]+,Clara,0.0968758330178944
C8H12O7[M]+,KCC,0.220762534748188
C8H12O7[M]+,KMeans,0.220762534748188
C8H12O7[M]+,Recolorize,0.397535064973154
C8H12O7[M]+,Supercells,0.808009473184269
C8H12O7[M]+,Binning,0.86065324128343
C8H12O7[M]+,MultiOtsu,0.451876518029041
C8H12O7[M]+,PyTorch,0.759540774636841
C6H10O6[M]+,Truth,0.494921600320384
C6H10O6[M]+,Clara,0.81585276332911
C6H10O6[M]+,KCC,0.974800505991171
C6H10O6[M]+,KMeans,0.974800505991171
C6H10O6[M]+,Recolorize,0.750820286598491
C6H10O6[M]+,Supercells,0.846369581255815
C6H10O6[M]+,Binning,0.538212673224726
C6H10O6[M]+,MultiOtsu,0.741511209388953
C6H10O6[M]+,PyTorch,0.370439297552174
C12H20O6[M]+,Truth,0.175732698357477
C12H20O6[M]+,Clara,0.964204279198823
C12H20O6[M]+,KCC,0.741068923000914
C12H20O6[M]+,KMeans,0.741068923000914
C12H20O6[M]+,Recolorize,0.88868796957645
C12H20O6[M]+,Supercells,0.265713692707543
C12H20O6[M]+,Binning,0.928171977781641
C12H20O6[M]+,MultiOtsu,0.743663942501127
C12H20O6[M]+,PyTorch,0.703513679424572
C10H16O2S2[M]+,Truth,0.924270338354309
C10H16O2S2[M]+,Clara,0.392683699263151
C10H16O2S2[M]+,KCC,0.642862010724454
C10H16O2S2[M]+,KMeans,0.642862010724454
C10H16O2S2[M]+,Recolorize,0.482950652681815
C10H16O2S2[M]+,Supercells,0.291034595478087
C10H16O2S2[M]+,Binning,0.994916525179907
C10H16O2S2[M]+,MultiOtsu,0.884002694633147
C10H16O2S2[M]+,PyTorch,0.694625392902834
C9H14O5[M]+,Truth,0.385822655300082
C9H14O5[M]+,Clara,0.748602789698019
C9H14O5[M]+,KCC,0.65018320017818
C9H14O5[M]+,KMeans,0.65018320017818
C9H14O5[M]+,Recolorize,0.0489418389714909
C9H14O5[M]+,Supercells,0.441486580142716
C9H14O5[M]+,Binning,0.0430978133143814
C9H14O5[M]+,MultiOtsu,0.713785281051248
C9H14O5[M]+,PyTorch,0.417260122793581
C11H23N3O3[M]+,Truth,3.22526387613815e-10
C11H23N3O3[M]+,Clara,0.106092908604769
C11H23N3O3[M]+,KCC,0.924845188029948
C11H23N3O3[M]+,KMeans,0.924845188029948
C11H23N3O3[M]+,Recolorize,0.0260836072905681
C11H23N3O3[M]+,Supercells,0.3827055251621
C11H23N3O3[M]+,Binning,0.000209453411778874
C11H23N3O3[M]+,MultiOtsu,0.685695148712653
C11H23N3O3[M]+,PyTorch,4.03121065773878e-07
C14H18N2O4+H,Truth,0.210176658494706
C14H18N2O4+H,Clara,0.0311131099559978
C14H18N2O4+H,KCC,0.0899044637248026
C14H18N2O4+H,KMeans,0.0899044637248026
C14H18N2O4+H,Recolorize,0.010097783550559
C14H18N2O4+H,Supercells,0.731170735002609
C14H18N2O4+H,Binning,0.329948058819935
C14H18N2O4+H,MultiOtsu,0.0623829679714433
C14H18N2O4+H,PyTorch,0.123400898903842
C7H14OS2[M]+,Truth,0.53749004700729
C7H14OS2[M]+,Clara,0.811225269525056
C7H14OS2[M]+,KCC,0.973770314794031
C7H14OS2[M]+,KMeans,0.973770314794031
C7H14OS2[M]+,Recolorize,0.760190593300138
C7H14OS2[M]+,Supercells,0.845304523740481
C7H14OS2[M]+,Binning,0.529591064692275
C7H14OS2[M]+,MultiOtsu,0.742216342342279
C7H14OS2[M]+,PyTorch,0.416607636128462
C7H10O4[M]+,Truth,0.231484304522035
C7H10O4[M]+,Clara,0.316461692770707
C7H10O4[M]+,KCC,0.244401872441861
C7H10O4[M]+,KMeans,0.244401872441861
C7H10O4[M]+,Recolorize,0.0426233837139341
C7H10O4[M]+,Supercells,0.537059871816737
C7H10O4[M]+,Binning,0.0111321513346664
C7H10O4[M]+,MultiOtsu,0.409430258641648
C7H10O4[M]+,PyTorch,0.173383973629277
C4H6O3[M]+,Truth,0.240071508077985
C4H6O3[M]+,Clara,0.17152971494457
C4H6O3[M]+,KCC,0.40556304308164
C4H6O3[M]+,KMeans,0.40556304308164
C4H6O3[M]+,Recolorize,0.863657489168168
C4H6O3[M]+,Supercells,0.00143970165486157
C4H6O3[M]+,Binning,0.718595923487456
C4H6O3[M]+,MultiOtsu,0.334741290572136
C4H6O3[M]+,PyTorch,0.693282364630239
C6H10O4[M]+,Truth,0.585829801025119
C6H10O4[M]+,Clara,0.72064198844036
C6H10O4[M]+,KCC,0.798197479604285
C6H10O4[M]+,KMeans,0.798197479604285
C6H10O4[M]+,Recolorize,0.676877308002041
C6H10O4[M]+,Supercells,0.13608324473551
C6H10O4[M]+,Binning,0.843590642824634
C6H10O4[M]+,MultiOtsu,0.897013977131451
C6H10O4[M]+,PyTorch,0.887465159369173
C9H20S2[M]+,Truth,0.969769550333251
C9H20S2[M]+,Clara,0.996658236264592
C9H20S2[M]+,KCC,0.544733906975651
C9H20S2[M]+,KMeans,0.544733906975651
C9H20S2[M]+,Recolorize,0.0317835394086992
C9H20S2[M]+,Supercells,0.676629378008406
C9H20S2[M]+,Binning,0.0329923075401999
C9H20S2[M]+,MultiOtsu,0.465335124333872
C9H20S2[M]+,PyTorch,0.548943750044787
C9H15N3O6[M]+,Truth,0.0574923271729563
C9H15N3O6[M]+,Clara,0.00479014750086238
C9H15N3O6[M]+,KCC,0.0223833008866801
C9H15N3O6[M]+,KMeans,0.0223833008866801
C9H15N3O6[M]+,Recolorize,0.0246160604995242
C9H15N3O6[M]+,Supercells,0.975313233158914
C9H15N3O6[M]+,Binning,0.0116330946372614
C9H15N3O6[M]+,MultiOtsu,0.0471288755509179
C9H15N3O6[M]+,PyTorch,0.101938320232603
C5H6O4[M]+,Truth,0.375049349459755
C5H6O4[M]+,Clara,0.0778396597487872
C5H6O4[M]+,KCC,0.136157197003819
C5H6O4[M]+,KMeans,0.136157197003819
C5H6O4[M]+,Recolorize,0.518941588088423
C5H6O4[M]+,Supercells,0.312939492380175
C5H6O4[M]+,Binning,0.244176829869735
C5H6O4[M]+,MultiOtsu,0.242755290445428
C5H6O4[M]+,PyTorch,0.238532347211277
C34H34N4O7+H,Truth,0.433642828816985
C34H34N4O7+H,Clara,0.0341850832083655
C34H34N4O7+H,KCC,0.135082582491926
C34H34N4O7+H,KMeans,0.135082582491926
C34H34N4O7+H,Recolorize,0.000433172661341159
C34H34N4O7+H,Supercells,0.45023015046544
C34H34N4O7+H,Binning,3.01226597052779e-05
C34H34N4O7+H,MultiOtsu,0.104082963308052
C34H34N4O7+H,PyTorch,0.2884562137103
C36H75N+H,Truth,0.00689385246763944
C36H75N+H,Clara,0.333532588414424
C36H75N+H,KCC,0.192941208211142
C36H75N+H,KMeans,0.192941208211142
C36H75N+H,Recolorize,0.993797513264359
C36H75N+H,Supercells,0.783476661316661
C36H75N+H,Binning,0.825457994785067
C36H75N+H,MultiOtsu,0.199410347441735
C36H75N+H,PyTorch,7.00422570670548e-06
C11H11NO4[M]+,Truth,0.936431592963748
C11H11NO4[M]+,Clara,0.517379462037923
C11H11NO4[M]+,KCC,0.970558286054073
C11H11NO4[M]+,KMeans,0.970558286054073
C11H11NO4[M]+,Recolorize,0.107966976279163
C11H11NO4[M]+,Supercells,0.273109941651743
C11H11NO4[M]+,Binning,0.599005878931032
C11H11NO4[M]+,MultiOtsu,0.670394107134597
C11H11NO4[M]+,PyTorch,0.426521015188057
C8H14O6[M]+,Truth,0.707956718868468
C8H14O6[M]+,Clara,0.829671633118334
C8H14O6[M]+,KCC,0.484929360865956
C8H14O6[M]+,KMeans,0.484929360865956
C8H14O6[M]+,Recolorize,0.628862259009869
C8H14O6[M]+,Supercells,0.628934912632556
C8H14O6[M]+,Binning,0.932174150041708
C8H14O6[M]+,MultiOtsu,0.389828769893
C8H14O6[M]+,PyTorch,0.416594144407643
C8H10O5[M]+,Truth,0.660680923326628
C8H10O5[M]+,Clara,0.96574574144431
C8H10O5[M]+,KCC,0.822578547392253
C8H10O5[M]+,KMeans,0.822578547392253
C8H10O5[M]+,Recolorize,0.545423806518377
C8H10O5[M]+,Supercells,0.341479508166913
C8H10O5[M]+,Binning,0.842803970836268
C8H10O5[M]+,MultiOtsu,0.561988287505294
C8H10O5[M]+,PyTorch,0.856578191235743
C18H18O8+H,Truth,4.09344194125599e-08
C18H18O8+H,Clara,0.185908813272399
C18H18O8+H,KCC,0.356289858130161
C18H18O8+H,KMeans,0.356289858130161
C18H18O8+H,Recolorize,0.441964433370336
C18H18O8+H,Supercells,0.0306102225163714
C18H18O8+H,Binning,0.187312225366251
C18H18O8+H,MultiOtsu,0.326396495702446
C18H18O8+H,PyTorch,4.66938185543893e-08
C7H5ClO4[M]+,Truth,0.0313822346012836
C7H5ClO4[M]+,Clara,0.326266437560666
C7H5ClO4[M]+,KCC,0.197746626040455
C7H5ClO4[M]+,KMeans,0.197746626040455
C7H5ClO4[M]+,Recolorize,0.819738145924548
C7H5ClO4[M]+,Supercells,0.894896500704556
C7H5ClO4[M]+,Binning,0.936675497970029
C7H5ClO4[M]+,MultiOtsu,0.22904323708732
C7H5ClO4[M]+,PyTorch,0.000132419093825684
C9H21N3O[M]+,Truth,1.03856859639186e-06
C9H21N3O[M]+,Clara,0.403708414024168
C9H21N3O[M]+,KCC,0.0949827971025775
C9H21N3O[M]+,KMeans,0.0949827971025775
C9H21N3O[M]+,Recolorize,0.00475322346549939
C9H21N3O[M]+,Supercells,2.39418562349042e-11
C9H21N3O[M]+,Binning,0.000337287124158819
C9H21N3O[M]+,MultiOtsu,0.468881118716776
C9H21N3O[M]+,PyTorch,7.44908999789617e-05
C6H12O3[M]+,Truth,0.258268950875986
C6H12O3[M]+,Clara,0.0306897343589442
C6H12O3[M]+,KCC,0.0688960004783521
C6H12O3[M]+,KMeans,0.0688960004783521
C6H12O3[M]+,Recolorize,0.508693083690123
C6H12O3[M]+,Supercells,0.308824521921005
C6H12O3[M]+,Binning,0.7909924930704
C6H12O3[M]+,MultiOtsu,0.0460533608790844
C6H12O3[M]+,PyTorch,0.458921759425842
C19H18O9+H,Truth,1.73094535980405e-19
C19H18O9+H,Clara,0.873403869222019
C19H18O9+H,KCC,0.0472000172664627
C19H18O9+H,KMeans,0.0472000172664627
C19H18O9+H,Recolorize,0.0844243529667682
C19H18O9+H,Supercells,0.827484933468152
C19H18O9+H,Binning,0.143626668161225
C19H18O9+H,MultiOtsu,0.147227959977571
C19H18O9+H,PyTorch,1.20493615930728e-16
C9H14N2O5[M]+,Truth,0.102292863903407
C9H14N2O5[M]+,Clara,0.906241323002893
C9H14N2O5[M]+,KCC,0.788934462690637
C9H14N2O5[M]+,KMeans,0.788934462690637
C9H14N2O5[M]+,Recolorize,0.170013092757055
C9H14N2O5[M]+,Supercells,0.171627520925105
C9H14N2O5[M]+,Binning,0.158110266771684
C9H14N2O5[M]+,MultiOtsu,0.954461969026647
C9H14N2O5[M]+,PyTorch,0.807117643540352
C9H18OS2[M]+,Truth,0.676115891972164
C9H18OS2[M]+,Clara,0.804916934692604
C9H18OS2[M]+,KCC,0.481939269346614
C9H18OS2[M]+,KMeans,0.481939269346614
C9H18OS2[M]+,Recolorize,0.626916393926867
C9H18OS2[M]+,Supercells,0.60428559886581
C9H18OS2[M]+,Binning,0.927826176038528
C9H18OS2[M]+,MultiOtsu,0.388366677276879
C9H18OS2[M]+,PyTorch,0.390136172245541
C6H8O6[M]+,Truth,0.694623854819036
C6H8O6[M]+,Clara,0.0804080593710245
C6H8O6[M]+,KCC,0.138691745150035
C6H8O6[M]+,KMeans,0.138691745150035
C6H8O6[M]+,Recolorize,0.611715617768016
C6H8O6[M]+,Supercells,0.481971006888585
C6H8O6[M]+,Binning,0.798512417582914
C6H8O6[M]+,MultiOtsu,0.242952600816867
C6H8O6[M]+,PyTorch,0.445694606077831
C4H8N4O4[M]+,Truth,0.248059620141363
C4H8N4O4[M]+,Clara,0.771862558194314
C4H8N4O4[M]+,KCC,0.552221941978768
C4H8N4O4[M]+,KMeans,0.552221941978768
C4H8N4O4[M]+,Recolorize,0.867502788805443
C4H8N4O4[M]+,Supercells,0.279086387264574
C4H8N4O4[M]+,Binning,0.905904975750471
C4H8N4O4[M]+,MultiOtsu,0.574389102403384
C4H8N4O4[M]+,PyTorch,0.0492607403389216
C21H22O10+H,Truth,0.202000556885141
C21H22O10+H,Clara,0.770042850814344
C21H22O10+H,KCC,0.722575018579053
C21H22O10+H,KMeans,0.722575018579053
C21H22O10+H,Recolorize,0.0717300288422944
C21H22O10+H,Supercells,0.0826655061595163
C21H22O10+H,Binning,0.0933464350758389
C21H22O10+H,MultiOtsu,0.826121925049604
C21H22O10+H,PyTorch,0.235659786472713
C25H24O9+H,Truth,0.242162952093782
C25H24O9+H,Clara,0.0668934945955967
C25H24O9+H,KCC,0.0240262798730966
C25H24O9+H,KMeans,0.0240262798730966
C25H24O9+H,Recolorize,0.511166367409145
C25H24O9+H,Supercells,0.812739385986607
C25H24O9+H,Binning,0.24029964812289
C25H24O9+H,MultiOtsu,0.0459018766713462
C25H24O9+H,PyTorch,0.129089082972369
C8H8O4[M]+,Truth,5.82258846506339e-05
C8H8O4[M]+,Clara,0.0466094254687149
C8H8O4[M]+,KCC,0.0585102350658592
C8H8O4[M]+,KMeans,0.0585102350658592
C8H8O4[M]+,Recolorize,0.242484932124786
C8H8O4[M]+,Supercells,0.187898567603136
C8H8O4[M]+,Binning,0.0570446962665602
C8H8O4[M]+,MultiOtsu,0.12713992539719
C8H8O4[M]+,PyTorch,0.0214633444302301
C9H9NO4[M]+,Truth,0.543782662032812
C9H9NO4[M]+,Clara,0.293303847175583
C9H9NO4[M]+,KCC,0.391338000445695
C9H9NO4[M]+,KMeans,0.391338000445695
C9H9NO4[M]+,Recolorize,0.0490516195634015
C9H9NO4[M]+,Supercells,0.105612257530196
C9H9NO4[M]+,Binning,0.324563506010995
C9H9NO4[M]+,MultiOtsu,0.255431351768333
C9H9NO4[M]+,PyTorch,0.145141372029828
C7H10O7[M]+,Truth,0.182526951741915
C7H10O7[M]+,Clara,0.0370971502102309
C7H10O7[M]+,KCC,0.0363454686373988
C7H10O7[M]+,KMeans,0.0363454686373988
C7H10O7[M]+,Recolorize,0.69446012606848
C7H10O7[M]+,Supercells,0.587736397416957
C7H10O7[M]+,Binning,0.565405637617423
C7H10O7[M]+,MultiOtsu,0.0868709268175211
C7H10O7[M]+,PyTorch,0.198499767048814
C7H10O6[M]+,Truth,0.725337855012564
C7H10O6[M]+,Clara,0.0767709615795475
C7H10O6[M]+,KCC,0.181132254879576
C7H10O6[M]+,KMeans,0.181132254879576
C7H10O6[M]+,Recolorize,0.751074388619159
C7H10O6[M]+,Supercells,0.707487175552609
C7H10O6[M]+,Binning,0.632383445574105
C7H10O6[M]+,MultiOtsu,0.304595049381538
C7H10O6[M]+,PyTorch,0.684904116984075
C4H4O4[M]+,Truth,0.234223467063725
C4H4O4[M]+,Clara,0.324351806494741
C4H4O4[M]+,KCC,0.259661717021271
C4H4O4[M]+,KMeans,0.259661717021271
C4H4O4[M]+,Recolorize,0.0116698144106878
C4H4O4[M]+,Supercells,0.178738728328378
C4H4O4[M]+,Binning,0.0597051550277828
C4H4O4[M]+,MultiOtsu,0.226492182700436
C4H4O4[M]+,PyTorch,0.38829090886038
C9H14O7[M]+,Truth,0.604884447652255
C9H14O7[M]+,Clara,0.46626143144286
C9H14O7[M]+,KCC,0.567485445645299
C9H14O7[M]+,KMeans,0.567485445645299
C9H14O7[M]+,Recolorize,0.650835489003831
C9H14O7[M]+,Supercells,0.922156002473149
C9H14O7[M]+,Binning,0.646062687482951
C9H14O7[M]+,MultiOtsu,0.876957036338775
C9H14O7[M]+,PyTorch,0.777352983309218
C10H9NO4[M]+,Truth,6.88035374305727e-12
C10H9NO4[M]+,Clara,0.0201064789973303
C10H9NO4[M]+,KCC,0.00937169298263728
C10H9NO4[M]+,KMeans,0.00937169298263728
C10H9NO4[M]+,Recolorize,0.395420643954218
C10H9NO4[M]+,Supercells,0.0269955275754361
C10H9NO4[M]+,Binning,0.649814998826668
C10H9NO4[M]+,MultiOtsu,0.0527448119867357
C10H9NO4[M]+,PyTorch,1.73475859919497e-10
C5H6O5[M]+,Truth,0.760736674446609
C5H6O5[M]+,Clara,0.237650995496836
C5H6O5[M]+,KCC,0.119329174058493
C5H6O5[M]+,KMeans,0.119329174058493
C5H6O5[M]+,Recolorize,0.863618963914968
C5H6O5[M]+,Supercells,0.300139923367758
C5H6O5[M]+,Binning,0.365649413303464
C5H6O5[M]+,MultiOtsu,0.271934669584845
C5H6O5[M]+,PyTorch,0.421032135940948
C8H14O2S2[M]+,Truth,0.17167340523125
C8H14O2S2[M]+,Clara,0.0376791306959907
C8H14O2S2[M]+,KCC,0.0366547587601501
C8H14O2S2[M]+,KMeans,0.0366547587601501
C8H14O2S2[M]+,Recolorize,0.699438372245354
C8H14O2S2[M]+,Supercells,0.592338023060909
C8H14O2S2[M]+,Binning,0.56204423182502
C8H14O2S2[M]+,MultiOtsu,0.0875200457653761
C8H14O2S2[M]+,PyTorch,0.191136151481397
C12H16N2O4[M]+,Truth,0.317120061711291
C12H16N2O4[M]+,Clara,0.788824564650646
C12H16N2O4[M]+,KCC,0.708970013143617
C12H16N2O4[M]+,KMeans,0.708970013143617
C12H16N2O4[M]+,Recolorize,0.560171422806775
C12H16N2O4[M]+,Supercells,0.660053305997651
C12H16N2O4[M]+,Binning,0.940120400768852
C12H16N2O4[M]+,MultiOtsu,0.894698393883149
C12H16N2O4[M]+,PyTorch,0.302320789334647
C4H8O3[M]+,Truth,0.546058329070624
C4H8O3[M]+,Clara,0.260560446972778
C4H8O3[M]+,KCC,0.37910903227582
C4H8O3[M]+,KMeans,0.37910903227582
C4H8O3[M]+,Recolorize,0.576169160773343
C4H8O3[M]+,Supercells,0.746832177843
C4H8O3[M]+,Binning,0.545708043383059
C4H8O3[M]+,MultiOtsu,0.331740583362703
C4H8O3[M]+,PyTorch,0.737015973772994
C6H10S2[M]+,Truth,0.87094707779987
C6H10S2[M]+,Clara,0.380293229115052
C6H10S2[M]+,KCC,0.212752464429159
C6H10S2[M]+,KMeans,0.212752464429159
C6H10S2[M]+,Recolorize,0.735636408974876
C6H10S2[M]+,Supercells,0.272670746403948
C6H10S2[M]+,Binning,0.452332724670821
C6H10S2[M]+,MultiOtsu,0.408754656495796
C6H10S2[M]+,PyTorch,0.816261183277919
C7H12O5[M]+,Truth,0.46375044593889
C7H12O5[M]+,Clara,0.206247915288053
C7H12O5[M]+,KCC,0.549322378345068
C7H12O5[M]+,KMeans,0.549322378345068
C7H12O5[M]+,Recolorize,0.824379482061445
C7H12O5[M]+,Supercells,0.203042184969406
C7H12O5[M]+,Binning,0.888206718718801
C7H12O5[M]+,MultiOtsu,0.622983333500123
C7H12O5[M]+,PyTorch,0.758325204763896
C9H14O6[M]+,Truth,0.415513428136956
C9H14O6[M]+,Clara,0.214262026262929
C9H14O6[M]+,KCC,0.217996556737731
C9H14O6[M]+,KMeans,0.217996556737731
C9H14O6[M]+,Recolorize,0.988905577554731
C9H14O6[M]+,Supercells,0.703933002981168
C9H14O6[M]+,Binning,0.27476442152698
C9H14O6[M]+,MultiOtsu,0.42065035501621
C9H14O6[M]+,PyTorch,0.654280456094536
C6H6O6[M]+,Truth,0.174321541660036
C6H6O6[M]+,Clara,0.601522194124855
C6H6O6[M]+,KCC,0.324475123595918
C6H6O6[M]+,KMeans,0.324475123595918
C6H6O6[M]+,Recolorize,0.00531344874288083
C6H6O6[M]+,Supercells,0.925906182086733
C6H6O6[M]+,Binning,0.008354012775225
C6H6O6[M]+,MultiOtsu,0.600114250109082
C6H6O6[M]+,PyTorch,0.169246458307627
C10H12O7[M]+,Truth,0.694430758509791
C10H12O7[M]+,Clara,0.968670788826958
C10H12O7[M]+,KCC,0.81146110127932
C10H12O7[M]+,KMeans,0.81146110127932
C10H12O7[M]+,Recolorize,0.489080151387016
C10H12O7[M]+,Supercells,0.341367146675676
C10H12O7[M]+,Binning,0.768863935700506
C10H12O7[M]+,MultiOtsu,0.743135084739092
C10H12O7[M]+,PyTorch,0.493869457702875
C12H36O4Si5[M]+,Truth,0.247965822025548
C12H36O4Si5[M]+,Clara,0.61598697231101
C12H36O4Si5[M]+,KCC,0.890069695133962
C12H36O4Si5[M]+,KMeans,0.890069695133962
C12H36O4Si5[M]+,Recolorize,0.00435956705817763
C12H36O4Si5[M]+,Supercells,0.776608530751536
C12H36O4Si5[M]+,Binning,0.026896386699256
C12H36O4Si5[M]+,MultiOtsu,0.668970669876003
C12H36O4Si5[M]+,PyTorch,0.259391031937035
C16H30O9[M]+,Truth,0.0979967124642319
C16H30O9[M]+,Clara,0.36469016054433
C16H30O9[M]+,KCC,0.388993513032575
C16H30O9[M]+,KMeans,0.388993513032575
C16H30O9[M]+,Recolorize,0.171414778356667
C16H30O9[M]+,Supercells,0.399250144861308
C16H30O9[M]+,Binning,0.422477427637935
C16H30O9[M]+,MultiOtsu,0.366801259939182
C16H30O9[M]+,PyTorch,0.0270378221368121
C14H10O5[M]+,Truth,0.0218931662572253
C14H10O5[M]+,Clara,0.971349231166035
C14H10O5[M]+,KCC,0.955593297675583
C14H10O5[M]+,KMeans,0.955593297675583
C14H10O5[M]+,Recolorize,0.850650640457306
C14H10O5[M]+,Supercells,0.190495245916267
C14H10O5[M]+,Binning,0.859360849420201
C14H10O5[M]+,MultiOtsu,0.498424528639885
C14H10O5[M]+,PyTorch,0.185572717800719
C7H10OS2[M]+,Truth,0.218629672677232
C7H10OS2[M]+,Clara,0.62740374470722
C7H10OS2[M]+,KCC,0.337487877744172
C7H10OS2[M]+,KMeans,0.337487877744172
C7H10OS2[M]+,Recolorize,0.00568815584788482
C7H10OS2[M]+,Supercells,0.929104886093664
C7H10OS2[M]+,Binning,0.00742510699217238
C7H10OS2[M]+,MultiOtsu,0.614960751354015
C7H10OS2[M]+,PyTorch,0.219149533147367
C7H6O6[M]+,Truth,7.56587255103815e-05
C7H6O6[M]+,Clara,0.130859126508368
C7H6O6[M]+,KCC,0.0607025560179656
C7H6O6[M]+,KMeans,0.0607025560179656
C7H6O6[M]+,Recolorize,0.628753114071527
C7H6O6[M]+,Supercells,0.994418438527855
C7H6O6[M]+,Binning,0.559959595011544
C7H6O6[M]+,MultiOtsu,0.109513726333414
C7H6O6[M]+,PyTorch,1.90098876302865e-07
C2H2O3[M]+,Truth,0.481223751973146
C2H2O3[M]+,Clara,0.614030395296227
C2H2O3[M]+,KCC,0.565628522778168
C2H2O3[M]+,KMeans,0.565628522778168
C2H2O3[M]+,Recolorize,0.483890539486637
C2H2O3[M]+,Supercells,0.419839032725093
C2H2O3[M]+,Binning,0.213093191920535
C2H2O3[M]+,MultiOtsu,0.67709024206374
C2H2O3[M]+,PyTorch,0.823343293304255
C3H6O[M]+,Truth,0.0481846969630783
C3H6O[M]+,Clara,0.00426257096521802
C3H6O[M]+,KCC,0.020179443903725
C3H6O[M]+,KMeans,0.020179443903725
C3H6O[M]+,Recolorize,0.365776957811248
C3H6O[M]+,Supercells,0.603586362021667
C3H6O[M]+,Binning,0.0613836423382231
C3H6O[M]+,MultiOtsu,0.0120503304347787
C3H6O[M]+,PyTorch,0.20408725029479
C10H17N3O6S[M]+,Truth,0.129209051939365
C10H17N3O6S[M]+,Clara,0.98531476965832
C10H17N3O6S[M]+,KCC,0.938855064498366
C10H17N3O6S[M]+,KMeans,0.938855064498366
C10H17N3O6S[M]+,Recolorize,0.918071180236608
C10H17N3O6S[M]+,Supercells,0.366045950756736
C10H17N3O6S[M]+,Binning,0.652450815591566
C10H17N3O6S[M]+,MultiOtsu,0.777453261635456
C10H17N3O6S[M]+,PyTorch,0.224951140301643
C12H16O8[M]+,Truth,0.646620567325022
C12H16O8[M]+,Clara,0.212375023329461
C12H16O8[M]+,KCC,0.105992802039162
C12H16O8[M]+,KMeans,0.105992802039162
C12H16O8[M]+,Recolorize,0.949619165788167
C12H16O8[M]+,Supercells,0.455437551441832
C12H16O8[M]+,Binning,0.387582429410767
C12H16O8[M]+,MultiOtsu,0.266086155326858
C12H16O8[M]+,PyTorch,0.950947082795121
C6H8O7[M]+,Truth,0.056014377519453
C6H8O7[M]+,Clara,0.573348519224687
C6H8O7[M]+,KCC,0.576268508636816
C6H8O7[M]+,KMeans,0.576268508636816
C6H8O7[M]+,Recolorize,0.948989380537177
C6H8O7[M]+,Supercells,0.239850579584315
C6H8O7[M]+,Binning,0.551414382354439
C6H8O7[M]+,MultiOtsu,0.646150075305191
C6H8O7[M]+,PyTorch,0.113979256192487
C6H8O4[M]+,Truth,0.667802659221312
C6H8O4[M]+,Clara,0.492858420190904
C6H8O4[M]+,KCC,0.929201601168822
C6H8O4[M]+,KMeans,0.929201601168822
C6H8O4[M]+,Recolorize,0.585306013921122
C6H8O4[M]+,Supercells,0.57539679159942
C6H8O4[M]+,Binning,0.202361463483126
C6H8O4[M]+,MultiOtsu,0.849854390287091
C6H8O4[M]+,PyTorch,0.362010731819532
C4H4O3[M]+,Truth,0.93145383452806
C4H4O3[M]+,Clara,0.962462228590286
C4H4O3[M]+,KCC,0.757552866753371
C4H4O3[M]+,KMeans,0.757552866753371
C4H4O3[M]+,Recolorize,0.264328162964952
C4H4O3[M]+,Supercells,0.260020526977648
C4H4O3[M]+,Binning,0.279765377180745
C4H4O3[M]+,MultiOtsu,0.53317989338486
C4H4O3[M]+,PyTorch,0.983164809841021
C12H14N2O3[M]+,Truth,0.376415785543204
C12H14N2O3[M]+,Clara,0.242452754984918
C12H14N2O3[M]+,KCC,0.163010229967713
C12H14N2O3[M]+,KMeans,0.163010229967713
C12H14N2O3[M]+,Recolorize,0.681455753305675
C12H14N2O3[M]+,Supercells,0.0591051693038643
C12H14N2O3[M]+,Binning,0.988065295052649
C12H14N2O3[M]+,MultiOtsu,0.344818041846256
C12H14N2O3[M]+,PyTorch,0.304515548129555
C12H18O8[M]+,Truth,0.498974510105821
C12H18O8[M]+,Clara,0.169238383546959
C12H18O8[M]+,KCC,0.22426935320644
C12H18O8[M]+,KMeans,0.22426935320644
C12H18O8[M]+,Recolorize,0.522365768893052
C12H18O8[M]+,Supercells,0.90378706461941
C12H18O8[M]+,Binning,0.121848029271557
C12H18O8[M]+,MultiOtsu,0.403959239702869
C12H18O8[M]+,PyTorch,0.892724238446509
C15H23N3O2[M]+,Truth,0.480340747087906
C15H23N3O2[M]+,Clara,0.477069718504461
C15H23N3O2[M]+,KCC,0.505861734588348
C15H23N3O2[M]+,KMeans,0.505861734588348
C15H23N3O2[M]+,Recolorize,0.935835407066197
C15H23N3O2[M]+,Supercells,0.0224730462091579
C15H23N3O2[M]+,Binning,0.78024048342039
C15H23N3O2[M]+,MultiOtsu,0.727629098765385
C15H23N3O2[M]+,PyTorch,0.0848328202035775
C10H14O2S2[M]+,Truth,0.398517541410549
C10H14O2S2[M]+,Clara,0.239873879704045
C10H14O2S2[M]+,KCC,0.370529337170376
C10H14O2S2[M]+,KMeans,0.370529337170376
C10H14O2S2[M]+,Recolorize,0.514059992204359
C10H14O2S2[M]+,Supercells,0.318668202039883
C10H14O2S2[M]+,Binning,0.9714161428911
C10H14O2S2[M]+,MultiOtsu,0.580513903693287
C10H14O2S2[M]+,PyTorch,0.330421888457368
C8H6O4[M]+,Truth,0.597535676679058
C8H6O4[M]+,Clara,0.0759082066318657
C8H6O4[M]+,KCC,0.0527107564452939
C8H6O4[M]+,KMeans,0.0527107564452939
C8H6O4[M]+,Recolorize,0.548070640117605
C8H6O4[M]+,Supercells,0.0524488683026343
C8H6O4[M]+,Binning,0.299690099408007
C8H6O4[M]+,MultiOtsu,0.0609010693996613
C8H6O4[M]+,PyTorch,0.965057598769176
C4H6O4[M]+,Truth,0.924765778739958
C4H6O4[M]+,Clara,0.149745634964371
C4H6O4[M]+,KCC,0.556999597737682
C4H6O4[M]+,KMeans,0.556999597737682
C4H6O4[M]+,Recolorize,0.734495705359406
C4H6O4[M]+,Supercells,0.453195483141339
C4H6O4[M]+,Binning,0.55401842563658
C4H6O4[M]+,MultiOtsu,0.647513371435954
C4H6O4[M]+,PyTorch,0.334092391504884
C5H6O3[M]+,Truth,0.370329589832326
C5H6O3[M]+,Clara,0.598181609251128
C5H6O3[M]+,KCC,0.631632329995915
C5H6O3[M]+,KMeans,0.631632329995915
C5H6O3[M]+,Recolorize,0.470620896513305
C5H6O3[M]+,Supercells,0.912887445168547
C5H6O3[M]+,Binning,0.883512375155975
C5H6O3[M]+,MultiOtsu,0.809867633328771
C5H6O3[M]+,PyTorch,0.516123102046149
C8H8O6[M]+,Truth,0.12390475873729
C8H8O6[M]+,Clara,0.927075285581687
C8H8O6[M]+,KCC,0.791003949389232
C8H8O6[M]+,KMeans,0.791003949389232
C8H8O6[M]+,Recolorize,0.54970762699111
C8H8O6[M]+,Supercells,0.645668300996314
C8H8O6[M]+,Binning,0.702979871834518
C8H8O6[M]+,MultiOtsu,0.477754554066577
C8H8O6[M]+,PyTorch,0.663478851045822
C5H10O4[M]+,Truth,0.495696142504855
C5H10O4[M]+,Clara,0.931202724531684
C5H10O4[M]+,KCC,0.856759939032069
C5H10O4[M]+,KMeans,0.856759939032069
C5H10O4[M]+,Recolorize,0.515213215480321
C5H10O4[M]+,Supercells,0.0496373784338279
C5H10O4[M]+,Binning,0.968472571842577
C5H10O4[M]+,MultiOtsu,0.827237439266385
C5H10O4[M]+,PyTorch,0.659426232042827
C7H12N2O5[M]+,Truth,0.106822685358228
C7H12N2O5[M]+,Clara,0.120379415064589
C7H12N2O5[M]+,KCC,0.501197818070978
C7H12N2O5[M]+,KMeans,0.501197818070978
C7H12N2O5[M]+,Recolorize,0.553790640801397
C7H12N2O5[M]+,Supercells,0.53667346666672
C7H12N2O5[M]+,Binning,0.713648106206873
C7H12N2O5[M]+,MultiOtsu,0.508111565465244
C7H12N2O5[M]+,PyTorch,0.0850428292848906
C16H20N2O6[M]+,Truth,0.989853182942331
C16H20N2O6[M]+,Clara,0.191806151179301
C16H20N2O6[M]+,KCC,0.187040031724212
C16H20N2O6[M]+,KMeans,0.187040031724212
C16H20N2O6[M]+,Recolorize,0.213402943311879
C16H20N2O6[M]+,Supercells,0.0100402100823217
C16H20N2O6[M]+,Binning,0.259362552706435
C16H20N2O6[M]+,MultiOtsu,0.174891843615383
C16H20N2O6[M]+,PyTorch,0.562296284348387
C11H21N3O4[M]+,Truth,0.967333528897261
C11H21N3O4[M]+,Clara,0.0892029148361188
C11H21N3O4[M]+,KCC,0.205060247755089
C11H21N3O4[M]+,KMeans,0.205060247755089
C11H21N3O4[M]+,Recolorize,0.569036534797649
C11H21N3O4[M]+,Supercells,0.14150332381397
C11H21N3O4[M]+,Binning,0.529122254833031
C11H21N3O4[M]+,MultiOtsu,0.174580689640944
C11H21N3O4[M]+,PyTorch,0.695329912092643
C12H26N4O3[M]+,Truth,0.901225366574169
C12H26N4O3[M]+,Clara,0.0491426652632115
C12H26N4O3[M]+,KCC,0.381222623886581
C12H26N4O3[M]+,KMeans,0.381222623886581
C12H26N4O3[M]+,Recolorize,0.953226023957656
C12H26N4O3[M]+,Supercells,0.965892058185572
C12H26N4O3[M]+,Binning,0.844804638355315
C12H26N4O3[M]+,MultiOtsu,0.286858276553314
C12H26N4O3[M]+,PyTorch,0.736580995382476
C8H12O8[M]+,Truth,0.535204551662075
C8H12O8[M]+,Clara,0.0290580678921693
C8H12O8[M]+,KCC,0.0449938517537198
C8H12O8[M]+,KMeans,0.0449938517537198
C8H12O8[M]+,Recolorize,0.410581126997218
C8H12O8[M]+,Supercells,0.496846769034895
C8H12O8[M]+,Binning,0.580211831877088
C8H12O8[M]+,MultiOtsu,0.124130581737049
C8H12O8[M]+,PyTorch,0.54470016387133
C4H8N2O[M]+,Truth,7.27372047332108e-11
C4H8N2O[M]+,Clara,0.673327998899027
C4H8N2O[M]+,KCC,0.211984664623433
C4H8N2O[M]+,KMeans,0.211984664623433
C4H8N2O[M]+,Recolorize,0.0185419820865281
C4H8N2O[M]+,Supercells,0.000184085788352062
C4H8N2O[M]+,Binning,0.044887608884281
C4H8N2O[M]+,MultiOtsu,0.440846866214181
C4H8N2O[M]+,PyTorch,1.00367126879342e-14
C11H16O9[M]+,Truth,0.232494970168877
C11H16O9[M]+,Clara,0.0115059182759384
C11H16O9[M]+,KCC,0.00676088669413295
C11H16O9[M]+,KMeans,0.00676088669413295
C11H16O9[M]+,Recolorize,0.832321801961852
C11H16O9[M]+,Supercells,0.557237859711586
C11H16O9[M]+,Binning,0.346082440684156
C11H16O9[M]+,MultiOtsu,0.0269453785132534
C11H16O9[M]+,PyTorch,0.599659740180374
C7H8O6[M]+,Truth,0.723963788051269
C7H8O6[M]+,Clara,0.522423311593595
C7H8O6[M]+,KCC,0.767003857714561
C7H8O6[M]+,KMeans,0.767003857714561
C7H8O6[M]+,Recolorize,0.858102667242958
C7H8O6[M]+,Supercells,0.638319079526727
C7H8O6[M]+,Binning,0.622077478461986
C7H8O6[M]+,MultiOtsu,0.972626598254308
C7H8O6[M]+,PyTorch,0.27196274192832
C8H14O3S[M]+,Truth,0.627817929778044
C8H14O3S[M]+,Clara,0.600863153299606
C8H14O3S[M]+,KCC,0.957668929773921
C8H14O3S[M]+,KMeans,0.957668929773921
C8H14O3S[M]+,Recolorize,0.292825286915338
C8H14O3S[M]+,Supercells,0.547717699295543
C8H14O3S[M]+,Binning,0.0700293296659213
C8H14O3S[M]+,MultiOtsu,0.758135887127322
C8H14O3S[M]+,PyTorch,0.250288644793544
C12H18N2O3[M]+,Truth,0.000746739990689866
C12H18N2O3[M]+,Clara,0.720687241595585
C12H18N2O3[M]+,KCC,0.480434753904602
C12H18N2O3[M]+,KMeans,0.480434753904602
C12H18N2O3[M]+,Recolorize,0.840366382712504
C12H18N2O3[M]+,Supercells,0.298709454099412
C12H18N2O3[M]+,Binning,0.715132761551024
C12H18N2O3[M]+,MultiOtsu,0.649770552028987
C12H18N2O3[M]+,PyTorch,0.00563493416273589
C9H12O5[M]+,Truth,0.73178689157799
C9H12O5[M]+,Clara,0.561526574162038
C9H12O5[M]+,KCC,0.467696415246451
C9H12O5[M]+,KMeans,0.467696415246451
C9H12O5[M]+,Recolorize,0.0672108976627137
C9H12O5[M]+,Supercells,0.893483846825833
C9H12O5[M]+,Binning,0.0651583744539744
C9H12O5[M]+,MultiOtsu,0.68872832152651
C9H12O5[M]+,PyTorch,0.992361977338148
C11H16O7[M]+,Truth,0.427008723888267
C11H16O7[M]+,Clara,0.269689159947128
C11H16O7[M]+,KCC,0.263204844164382
C11H16O7[M]+,KMeans,0.263204844164382
C11H16O7[M]+,Recolorize,0.624330696975529
C11H16O7[M]+,Supercells,0.99620875363886
C11H16O7[M]+,Binning,0.225796677967719
C11H16O7[M]+,MultiOtsu,0.483474795053819
C11H16O7[M]+,PyTorch,0.857551348547077
C15H30O2[M]+,Truth,0.626516461353142
C15H30O2[M]+,Clara,0.616774440393379
C15H30O2[M]+,KCC,0.607572354991645
C15H30O2[M]+,KMeans,0.607572354991645
C15H30O2[M]+,Recolorize,0.405838094352422
C15H30O2[M]+,Supercells,0.474724216509201
C15H30O2[M]+,Binning,0.512740100120768
C15H30O2[M]+,MultiOtsu,0.803423731707951
C15H30O2[M]+,PyTorch,0.656674098272828
C11H16O8[M]+,Truth,0.797171260989089
C11H16O8[M]+,Clara,0.198369145836704
C11H16O8[M]+,KCC,0.337760194770231
C11H16O8[M]+,KMeans,0.337760194770231
C11H16O8[M]+,Recolorize,0.725473637286365
C11H16O8[M]+,Supercells,0.840835105825713
C11H16O8[M]+,Binning,0.611512193080099
C11H16O8[M]+,MultiOtsu,0.526108881860738
C11H16O8[M]+,PyTorch,0.825330443894773
C10H18O7[M]+,Truth,0.293722225212135
C10H18O7[M]+,Clara,0.25757367483005
C10H18O7[M]+,KCC,0.587075002864576
C10H18O7[M]+,KMeans,0.587075002864576
C10H18O7[M]+,Recolorize,0.520217832437541
C10H18O7[M]+,Supercells,0.854335899089526
C10H18O7[M]+,Binning,0.224748236609948
C10H18O7[M]+,MultiOtsu,0.987993910575324
C10H18O7[M]+,PyTorch,0.884591719044939
C10H19N3O2[M]+,Truth,6.42543808661168e-07
C10H19N3O2[M]+,Clara,0.0898940746389374
C10H19N3O2[M]+,KCC,0.736945817158091
C10H19N3O2[M]+,KMeans,0.736945817158091
C10H19N3O2[M]+,Recolorize,0.0257836342141009
C10H19N3O2[M]+,Supercells,0.974262039774928
C10H19N3O2[M]+,Binning,0.000376284400466932
C10H19N3O2[M]+,MultiOtsu,0.976113943869432
C10H19N3O2[M]+,PyTorch,2.9943516572763e-07
C6H12O6[M]+,Truth,0.0375343218064514
C6H12O6[M]+,Clara,0.453969150981406
C6H12O6[M]+,KCC,0.228517279044722
C6H12O6[M]+,KMeans,0.228517279044722
C6H12O6[M]+,Recolorize,0.996953033830088
C6H12O6[M]+,Supercells,0.371529040459073
C6H12O6[M]+,Binning,0.941796346507394
C6H12O6[M]+,MultiOtsu,0.228517279044722
C6H12O6[M]+,PyTorch,0.601603092414272
C8H12OS2[M]+,Truth,0.790939059963744
C8H12OS2[M]+,Clara,0.582759292224989
C8H12OS2[M]+,KCC,0.885374178889058
C8H12OS2[M]+,KMeans,0.885374178889058
C8H12OS2[M]+,Recolorize,0.789229479292807
C8H12OS2[M]+,Supercells,0.636458659226415
C8H12OS2[M]+,Binning,0.672273356551112
C8H12OS2[M]+,MultiOtsu,0.864104784231051
C8H12OS2[M]+,PyTorch,0.225273729072908
C2H6O[M]+,Truth,0.014336947932015
C2H6O[M]+,Clara,0.296639595375064
C2H6O[M]+,KCC,0.547449915637995
C2H6O[M]+,KMeans,0.547449915637995
C2H6O[M]+,Recolorize,0.499344124762125
C2H6O[M]+,Supercells,0.276810168861064
C2H6O[M]+,Binning,0.644362445172857
C2H6O[M]+,MultiOtsu,0.605598298722936
C2H6O[M]+,PyTorch,0.0616590637464253
C18H13NO4[M]+,Truth,0.114994494689862
C18H13NO4[M]+,Clara,0.977789825570502
C18H13NO4[M]+,KCC,0.927625442308372
C18H13NO4[M]+,KMeans,0.927625442308372
C18H13NO4[M]+,Recolorize,0.990140359927025
C18H13NO4[M]+,Supercells,0.33834789981684
C18H13NO4[M]+,Binning,0.562692207945145
C18H13NO4[M]+,MultiOtsu,0.772484417944312
C18H13NO4[M]+,PyTorch,0.202773622436544
C4H6O2[M]+,Truth,0.517059464333072
C4H6O2[M]+,Clara,0.852559195240738
C4H6O2[M]+,KCC,0.778289729190185
C4H6O2[M]+,KMeans,0.778289729190185
C4H6O2[M]+,Recolorize,0.766970311558086
C4H6O2[M]+,Supercells,0.636209920384391
C4H6O2[M]+,Binning,0.193913387736886
C4H6O2[M]+,MultiOtsu,0.689830449810643
C4H6O2[M]+,PyTorch,0.681953703435697
C12H20O8[M]+,Truth,0.146127022350307
C12H20O8[M]+,Clara,0.117950324393151
C12H20O8[M]+,KCC,0.1315793231037
C12H20O8[M]+,KMeans,0.1315793231037
C12H20O8[M]+,Recolorize,0.0803835056549691
C12H20O8[M]+,Supercells,0.333088470268851
C12H20O8[M]+,Binning,0.0740532972174091
C12H20O8[M]+,MultiOtsu,0.254111232182484
C12H20O8[M]+,PyTorch,0.223488787552362
C3H4O3[M]+,Truth,0.825024095554963
C3H4O3[M]+,Clara,0.53848047180198
C3H4O3[M]+,KCC,0.811918992640658
C3H4O3[M]+,KMeans,0.811918992640658
C3H4O3[M]+,Recolorize,0.287275651277496
C3H4O3[M]+,Supercells,0.0130056666832495
C3H4O3[M]+,Binning,0.143111712082863
C3H4O3[M]+,MultiOtsu,0.773604732442778
C3H4O3[M]+,PyTorch,0.144988242257979
C16H20N2O8[M]+,Truth,
C16H20N2O8[M]+,Clara,
C16H20N2O8[M]+,KCC,
C16H20N2O8[M]+,KMeans,
C16H20N2O8[M]+,Recolorize,
C16H20N2O8[M]+,Supercells,
C16H20N2O8[M]+,Binning,
C16H20N2O8[M]+,MultiOtsu,
C16H20N2O8[M]+,PyTorch,
C10H10O5[M]+,Truth,0.00210542590795387
C10H10O5[M]+,Clara,0.00034085146286147
C10H10O5[M]+,KCC,0.000131236707528284
C10H10O5[M]+,KMeans,0.000131236707528284
C10H10O5[M]+,Recolorize,3.73796885237232e-08
C10H10O5[M]+,Supercells,4.47227956292472e-06
C10H10O5[M]+,Binning,3.97467245554825e-11
C10H10O5[M]+,MultiOtsu,0.00029589754001672
C10H10O5[M]+,PyTorch,0.00224628269120091
C4H4O2[M]+,Truth,0.316151255909203
C4H4O2[M]+,Clara,0.442754010634809
C4H4O2[M]+,KCC,0.374774783020277
C4H4O2[M]+,KMeans,0.374774783020277
C4H4O2[M]+,Recolorize,0.826668227520978
C4H4O2[M]+,Supercells,0.00433864217690772
C4H4O2[M]+,Binning,0.559824724504613
C4H4O2[M]+,MultiOtsu,0.349656934933849
C4H4O2[M]+,PyTorch,0.186153954061041
C12H18O9[M]+,Truth,0.939228424261976
C12H18O9[M]+,Clara,0.277749130456729
C12H18O9[M]+,KCC,0.142431454843155
C12H18O9[M]+,KMeans,0.142431454843155
C12H18O9[M]+,Recolorize,0.347853768842634
C12H18O9[M]+,Supercells,0.847573173141486
C12H18O9[M]+,Binning,0.240546462747205
C12H18O9[M]+,MultiOtsu,0.300260079168993
C12H18O9[M]+,PyTorch,0.672508187315523
C10H16S2[M]+,Truth,0.730543841804073
C10H16S2[M]+,Clara,0.565269806111294
C10H16S2[M]+,KCC,0.47440477941818
C10H16S2[M]+,KMeans,0.47440477941818
C10H16S2[M]+,Recolorize,0.0604046100352977
C10H16S2[M]+,Supercells,0.881513581949025
C10H16S2[M]+,Binning,0.0600588826296886
C10H16S2[M]+,MultiOtsu,0.696392362193524
C10H16S2[M]+,PyTorch,0.990861604897438
C6H18OSi2[M]+,Truth,0.363679469353343
C6H18OSi2[M]+,Clara,0.0325219750488431
C6H18OSi2[M]+,KCC,0.0443481328394748
C6H18OSi2[M]+,KMeans,0.0443481328394748
C6H18OSi2[M]+,Recolorize,0.762848437828833
C6H18OSi2[M]+,Supercells,0.672875605721037
C6H18OSi2[M]+,Binning,0.813466761046116
C6H18OSi2[M]+,MultiOtsu,0.0332955393946285
C6H18OSi2[M]+,PyTorch,0.479955215580764
C18H34O2[M]+,Truth,0.659991085693848
C18H34O2[M]+,Clara,0.952287998121041
C18H34O2[M]+,KCC,0.472343056475231
C18H34O2[M]+,KMeans,0.472343056475231
C18H34O2[M]+,Recolorize,0.649030979821422
C18H34O2[M]+,Supercells,0.775204986916615
C18H34O2[M]+,Binning,0.820556615895484
C18H34O2[M]+,MultiOtsu,0.57730007180267
C18H34O2[M]+,PyTorch,0.759526972299945
C7H14O4[M]+,Truth,0.368536405702653
C7H14O4[M]+,Clara,0.0311416478577201
C7H14O4[M]+,KCC,0.0427961262138575
C7H14O4[M]+,KMeans,0.0427961262138575
C7H14O4[M]+,Recolorize,0.755956325016315
C7H14O4[M]+,Supercells,0.663204145002827
C7H14O4[M]+,Binning,0.807072218641858
C7H14O4[M]+,MultiOtsu,0.0319795464760355
C7H14O4[M]+,PyTorch,0.485275222562215
C11H22O6[M]+,Truth,0.650778028174003
C11H22O6[M]+,Clara,0.89319508579464
C11H22O6[M]+,KCC,0.637967453529509
C11H22O6[M]+,KMeans,0.637967453529509
C11H22O6[M]+,Recolorize,0.419373265838272
C11H22O6[M]+,Supercells,0.816115887047176
C11H22O6[M]+,Binning,0.56318814290969
C11H22O6[M]+,MultiOtsu,0.625628944102211
C11H22O6[M]+,PyTorch,0.508619153629869
C10H16O6[M]+,Truth,0.214336376980686
C10H16O6[M]+,Clara,0.260598660926779
C10H16O6[M]+,KCC,0.573016014858709
C10H16O6[M]+,KMeans,0.573016014858709
C10H16O6[M]+,Recolorize,0.182221815492929
C10H16O6[M]+,Supercells,0.601544846277568
C10H16O6[M]+,Binning,0.105345411591987
C10H16O6[M]+,MultiOtsu,0.775230475483821
C10H16O6[M]+,PyTorch,0.130922928744927
C12H14O8[M]+,Truth,0.559799844770207
C12H14O8[M]+,Clara,0.605621841418167
C12H14O8[M]+,KCC,0.310574564558166
C12H14O8[M]+,KMeans,0.310574564558166
C12H14O8[M]+,Recolorize,0.991473057717015
C12H14O8[M]+,Supercells,0.881120247855429
C12H14O8[M]+,Binning,0.901423108257363
C12H14O8[M]+,MultiOtsu,0.641459977376406
C12H14O8[M]+,PyTorch,0.934478801250775
C6H6O4[M]+,Truth,0.512596271618197
C6H6O4[M]+,Clara,0.130960958148938
C6H6O4[M]+,KCC,0.0160455932241982
C6H6O4[M]+,KMeans,0.0160455932241982
C6H6O4[M]+,Recolorize,0.224844032982565
C6H6O4[M]+,Supercells,0.501095432507209
C6H6O4[M]+,Binning,0.104470384499008
C6H6O4[M]+,MultiOtsu,0.028918109295823
C6H6O4[M]+,PyTorch,0.00190309076601608
C14H28O2[M]+,Truth,0.403211434603109
C14H28O2[M]+,Clara,0.960780080706642
C14H28O2[M]+,KCC,0.827687860460813
C14H28O2[M]+,KMeans,0.827687860460813
C14H28O2[M]+,Recolorize,0.285287927865062
C14H28O2[M]+,Supercells,0.695814268543828
C14H28O2[M]+,Binning,0.368567172453897
C14H28O2[M]+,MultiOtsu,0.893830871169319
C14H28O2[M]+,PyTorch,0.721370967602467
C8H14O5[M]+,Truth,0.783504915960709
C8H14O5[M]+,Clara,0.0690186207982289
C8H14O5[M]+,KCC,0.295366090229197
C8H14O5[M]+,KMeans,0.295366090229197
C8H14O5[M]+,Recolorize,0.426502201153615
C8H14O5[M]+,Supercells,0.499690243040998
C8H14O5[M]+,Binning,0.17041025212023
C8H14O5[M]+,MultiOtsu,0.347177433786263
C8H14O5[M]+,PyTorch,0.655010496586031
C10H14O5S[M]+,Truth,0.873603041370136
C10H14O5S[M]+,Clara,0.996277856363191
C10H14O5S[M]+,KCC,0.856441188488322
C10H14O5S[M]+,KMeans,0.856441188488322
C10H14O5S[M]+,Recolorize,0.444444287306413
C10H14O5S[M]+,Supercells,0.14923544803587
C10H14O5S[M]+,Binning,0.889603042309598
C10H14O5S[M]+,MultiOtsu,0.612240734651133
C10H14O5S[M]+,PyTorch,0.942084395845895
C16H30O2[M]+,Truth,0.317037806181404
C16H30O2[M]+,Clara,0.480616493917156
C16H30O2[M]+,KCC,0.314918572609045
C16H30O2[M]+,KMeans,0.314918572609045
C16H30O2[M]+,Recolorize,0.484504434122776
C16H30O2[M]+,Supercells,0.927597158361998
C16H30O2[M]+,Binning,0.466082176007889
C16H30O2[M]+,MultiOtsu,0.387777035132808
C16H30O2[M]+,PyTorch,0.303517850868673
C11H18O8[M]+,Truth,0.466119783943254
C11H18O8[M]+,Clara,0.26005128169153
C11H18O8[M]+,KCC,0.207282926739937
C11H18O8[M]+,KMeans,0.207282926739937
C11H18O8[M]+,Recolorize,0.3943901835301
C11H18O8[M]+,Supercells,0.644743786051208
C11H18O8[M]+,Binning,0.334198475920665
C11H18O8[M]+,MultiOtsu,0.35117514755858
C11H18O8[M]+,PyTorch,0.755950797804504
C2H4O[M]+,Truth,1.9790373690867e-06
C2H4O[M]+,Clara,0.0565918771951079
C2H4O[M]+,KCC,0.0152342159878724
C2H4O[M]+,KMeans,0.0152342159878724
C2H4O[M]+,Recolorize,0.324511625961716
C2H4O[M]+,Supercells,0.0146783078324242
C2H4O[M]+,Binning,0.204274664464721
C2H4O[M]+,MultiOtsu,0.0179324326265075
C2H4O[M]+,PyTorch,8.38670086830774e-06
C16H17ClN2S[M]+,Truth,0.383815991886687
C16H17ClN2S[M]+,Clara,0.123993790637177
C16H17ClN2S[M]+,KCC,0.128885185480268
C16H17ClN2S[M]+,KMeans,0.128885185480268
C16H17ClN2S[M]+,Recolorize,0.972361901372567
C16H17ClN2S[M]+,Supercells,0.701792250836044
C16H17ClN2S[M]+,Binning,0.6810080216548
C16H17ClN2S[M]+,MultiOtsu,0.27731637088762
C16H17ClN2S[M]+,PyTorch,0.630787104872976
C14H10O9[M]+,Truth,1.24139787591689e-06
C14H10O9[M]+,Clara,0.00505340859070808
C14H10O9[M]+,KCC,0.000275018221865851
C14H10O9[M]+,KMeans,0.000275018221865851
C14H10O9[M]+,Recolorize,0.0160220249272332
C14H10O9[M]+,Supercells,0.22523277366566
C14H10O9[M]+,Binning,0.00475652171583891
C14H10O9[M]+,MultiOtsu,0.000390123809253531
C14H10O9[M]+,PyTorch,2.20114569243138e-09
C19H28O9[M]+,Truth,0.201083453855129
C19H28O9[M]+,Clara,0.0515962593755453
C19H28O9[M]+,KCC,0.197053094423876
C19H28O9[M]+,KMeans,0.197053094423876
C19H28O9[M]+,Recolorize,0.000990935600581128
C19H28O9[M]+,Supercells,0.448101596346157
C19H28O9[M]+,Binning,0.000474667735313712
C19H28O9[M]+,MultiOtsu,0.181844983336494
C19H28O9[M]+,PyTorch,0.194883827562441
C13H16N2O3[M]+,Truth,0.798194357541716
C13H16N2O3[M]+,Clara,0.491640040619249
C13H16N2O3[M]+,KCC,0.42732417177881
C13H16N2O3[M]+,KMeans,0.42732417177881
C13H16N2O3[M]+,Recolorize,0.910867920514401
C13H16N2O3[M]+,Supercells,0.772476019383853
C13H16N2O3[M]+,Binning,0.943643408258387
C13H16N2O3[M]+,MultiOtsu,0.365732928492879
C13H16N2O3[M]+,PyTorch,0.790582417364252
C7H13N3O4[M]+,Truth,0.417597879553519
C7H13N3O4[M]+,Clara,0.345013208208847
C7H13N3O4[M]+,KCC,0.264721323048506
C7H13N3O4[M]+,KMeans,0.264721323048506
C7H13N3O4[M]+,Recolorize,0.0703031707564916
C7H13N3O4[M]+,Supercells,0.383956837243556
C7H13N3O4[M]+,Binning,0.173049168324468
C7H13N3O4[M]+,MultiOtsu,0.417691697813588
C7H13N3O4[M]+,PyTorch,0.667557079117843
C14H30N4O2[M]+,Truth,0.196238841270055
C14H30N4O2[M]+,Clara,0.0347390118088102
C14H30N4O2[M]+,KCC,0.135457881025839
C14H30N4O2[M]+,KMeans,0.135457881025839
C14H30N4O2[M]+,Recolorize,0.30652397520713
C14H30N4O2[M]+,Supercells,0.248570016795928
C14H30N4O2[M]+,Binning,0.294788189728732
C14H30N4O2[M]+,MultiOtsu,0.114395296804112
C14H30N4O2[M]+,PyTorch,0.159026553324657
C9H14O4[M]+,Truth,0.515644238341212
C9H14O4[M]+,Clara,0.512082574729724
C9H14O4[M]+,KCC,0.382293453014566
C9H14O4[M]+,KMeans,0.382293453014566
C9H14O4[M]+,Recolorize,0.116521735256942
C9H14O4[M]+,Supercells,0.167968125000563
C9H14O4[M]+,Binning,0.234738714382738
C9H14O4[M]+,MultiOtsu,0.378778653351463
C9H14O4[M]+,PyTorch,0.786031376289363
C5H6O6[M]+,Truth,0.455944173025055
C5H6O6[M]+,Clara,0.0502100211070338
C5H6O6[M]+,KCC,0.0366078253138404
C5H6O6[M]+,KMeans,0.0366078253138404
C5H6O6[M]+,Recolorize,0.226153809498503
C5H6O6[M]+,Supercells,0.617571122697154
C5H6O6[M]+,Binning,0.61406311134312
C5H6O6[M]+,MultiOtsu,0.0792662937357656
C5H6O6[M]+,PyTorch,0.36617392643984
C7H8O7[M]+,Truth,0.526781602885813
C7H8O7[M]+,Clara,0.298644498259153
C7H8O7[M]+,KCC,0.315532173731586
C7H8O7[M]+,KMeans,0.315532173731586
C7H8O7[M]+,Recolorize,0.15936964007626
C7H8O7[M]+,Supercells,0.578694212532669
C7H8O7[M]+,Binning,0.755418175979199
C7H8O7[M]+,MultiOtsu,0.697924446311183
C7H8O7[M]+,PyTorch,0.481151750626339
C9H14N3O6[M]+,Truth,0.317063477430601
C9H14N3O6[M]+,Clara,0.176984091927864
C9H14N3O6[M]+,KCC,0.225405278260723
C9H14N3O6[M]+,KMeans,0.225405278260723
C9H14N3O6[M]+,Recolorize,0.574855956564253
C9H14N3O6[M]+,Supercells,0.566883772210832
C9H14N3O6[M]+,Binning,0.189059522412547
C9H14N3O6[M]+,MultiOtsu,0.427287835923772
C9H14N3O6[M]+,PyTorch,0.715441003071385
C3H5NO4[M]+,Truth,0.0434976467133338
C3H5NO4[M]+,Clara,0.171382983579845
C3H5NO4[M]+,KCC,0.152933671214659
C3H5NO4[M]+,KMeans,0.152933671214659
C3H5NO4[M]+,Recolorize,0.00125690829795177
C3H5NO4[M]+,Supercells,0.601621108503769
C3H5NO4[M]+,Binning,0.00285101179350489
C3H5NO4[M]+,MultiOtsu,0.217213141684515
C3H5NO4[M]+,PyTorch,0.469581199883109
C15H15ClN2S[M]+,Truth,0.658755512614226
C15H15ClN2S[M]+,Clara,0.225464153824624
C15H15ClN2S[M]+,KCC,0.107649450083396
C15H15ClN2S[M]+,KMeans,0.107649450083396
C15H15ClN2S[M]+,Recolorize,0.998705790919481
C15H15ClN2S[M]+,Supercells,0.983881106247415
C15H15ClN2S[M]+,Binning,0.585496018343811
C15H15ClN2S[M]+,MultiOtsu,0.34992876366164
C15H15ClN2S[M]+,PyTorch,0.676651396413102
C10H16O8[M]+,Truth,0.0904435267661331
C10H16O8[M]+,Clara,0.161051952888511
C10H16O8[M]+,KCC,0.0851746736013582
C10H16O8[M]+,KMeans,0.0851746736013582
C10H16O8[M]+,Recolorize,0.792803675710232
C10H16O8[M]+,Supercells,0.519341918078549
C10H16O8[M]+,Binning,0.44175258693369
C10H16O8[M]+,MultiOtsu,0.205025756374531
C10H16O8[M]+,PyTorch,0.200240310141389
C3H7NO2[M]+,Truth,0.0436503956596761
C3H7NO2[M]+,Clara,0.226231187869858
C3H7NO2[M]+,KCC,0.0319952787691875
C3H7NO2[M]+,KMeans,0.0319952787691875
C3H7NO2[M]+,Recolorize,0.0127787316288869
C3H7NO2[M]+,Supercells,0.0206061878108923
C3H7NO2[M]+,Binning,0.0912698962131948
C3H7NO2[M]+,MultiOtsu,0.0534748245924274
C3H7NO2[M]+,PyTorch,0.0970301021515768
C2H2O4[M]+,Truth,0.147259975023048
C2H2O4[M]+,Clara,0.00191966478464954
C2H2O4[M]+,KCC,0.00242037000725912
C2H2O4[M]+,KMeans,0.00242037000725912
C2H2O4[M]+,Recolorize,0.16819345941622
C2H2O4[M]+,Supercells,0.539747214294537
C2H2O4[M]+,Binning,0.316071989062755
C2H2O4[M]+,MultiOtsu,0.0125025911918376
C2H2O4[M]+,PyTorch,0.696076010290134
C6H10OS2[M]+,Truth,0.461447786856394
C6H10OS2[M]+,Clara,0.0699860053371723
C6H10OS2[M]+,KCC,0.05189106055411
C6H10OS2[M]+,KMeans,0.05189106055411
C6H10OS2[M]+,Recolorize,0.167202517870527
C6H10OS2[M]+,Supercells,0.493228667103364
C6H10OS2[M]+,Binning,0.511675593561576
C6H10OS2[M]+,MultiOtsu,0.105641577530614
C6H10OS2[M]+,PyTorch,0.330299514984946
C12H20O7[M]+,Truth,0.476170805500512
C12H20O7[M]+,Clara,0.033006618888762
C12H20O7[M]+,KCC,0.0699027922919962
C12H20O7[M]+,KMeans,0.0699027922919962
C12H20O7[M]+,Recolorize,0.00160903689174947
C12H20O7[M]+,Supercells,0.193682866326866
C12H20O7[M]+,Binning,0.00112711170846327
C12H20O7[M]+,MultiOtsu,0.134730209919529
C12H20O7[M]+,PyTorch,0.231355186840053
C14H18O10[M]+,Truth,0.804527719463835
C14H18O10[M]+,Clara,0.138185924835609
C14H18O10[M]+,KCC,0.139639795602922
C14H18O10[M]+,KMeans,0.139639795602922
C14H18O10[M]+,Recolorize,0.438238197006431
C14H18O10[M]+,Supercells,0.691190453385431
C14H18O10[M]+,Binning,0.732118267218313
C14H18O10[M]+,MultiOtsu,0.2771932440728
C14H18O10[M]+,PyTorch,0.828622708130966
C22H26N2O2S[M]+,Truth,0.0208557214760009
C22H26N2O2S[M]+,Clara,0.116212780626818
C22H26N2O2S[M]+,KCC,0.339586196793501
C22H26N2O2S[M]+,KMeans,0.339586196793501
C22H26N2O2S[M]+,Recolorize,0.234810128714188
C22H26N2O2S[M]+,Supercells,0.769565559989648
C22H26N2O2S[M]+,Binning,0.256571745812514
C22H26N2O2S[M]+,MultiOtsu,0.214315100196231
C22H26N2O2S[M]+,PyTorch,0.613401223165828
C13H18N2O3[M]+,Truth,0.580404030735965
C13H18N2O3[M]+,Clara,0.37297679391151
C13H18N2O3[M]+,KCC,0.232123346239991
C13H18N2O3[M]+,KMeans,0.232123346239991
C13H18N2O3[M]+,Recolorize,0.892357536006479
C13H18N2O3[M]+,Supercells,0.165675115075882
C13H18N2O3[M]+,Binning,0.917122078995173
C13H18N2O3[M]+,MultiOtsu,0.216489508103372
C13H18N2O3[M]+,PyTorch,0.709086437479038
C17H34O2[M]+,Truth,0.707154180647989
C17H34O2[M]+,Clara,0.695276844691311
C17H34O2[M]+,KCC,0.946901185417532
C17H34O2[M]+,KMeans,0.946901185417532
C17H34O2[M]+,Recolorize,0.967164943630488
C17H34O2[M]+,Supercells,0.702453106888455
C17H34O2[M]+,Binning,0.728676475907239
C17H34O2[M]+,MultiOtsu,0.872588989070472
C17H34O2[M]+,PyTorch,0.818295133965702
C13H16O9[M]+,Truth,0.999694366730064
C13H16O9[M]+,Clara,0.429597664461971
C13H16O9[M]+,KCC,0.193486418779062
C13H16O9[M]+,KMeans,0.193486418779062
C13H16O9[M]+,Recolorize,0.650842264950001
C13H16O9[M]+,Supercells,0.591603649960021
C13H16O9[M]+,Binning,0.437013695387532
C13H16O9[M]+,MultiOtsu,0.612654727430119
C13H16O9[M]+,PyTorch,0.838526793119203
C3H6O4[M]+,Truth,0.203523657064866
C3H6O4[M]+,Clara,0.918298198144989
C3H6O4[M]+,KCC,0.759202166628846
C3H6O4[M]+,KMeans,0.759202166628846
C3H6O4[M]+,Recolorize,0.5325958138732
C3H6O4[M]+,Supercells,0.205445196608253
C3H6O4[M]+,Binning,0.794483997959933
C3H6O4[M]+,MultiOtsu,0.715134738835769
C3H6O4[M]+,PyTorch,0.311176153372788
C18H32O2[M]+,Truth,0.677683255134592
C18H32O2[M]+,Clara,0.0185936407122616
C18H32O2[M]+,KCC,0.00223082020882354
C18H32O2[M]+,KMeans,0.00223082020882354
C18H32O2[M]+,Recolorize,0.385878211489068
C18H32O2[M]+,Supercells,0.718991177556032
C18H32O2[M]+,Binning,0.339024491884189
C18H32O2[M]+,MultiOtsu,0.00269957970952539
C18H32O2[M]+,PyTorch,0.878149547285709
C12H14O9[M]+,Truth,0.82302226265553
C12H14O9[M]+,Clara,0.525914548166469
C12H14O9[M]+,KCC,0.234161352846666
C12H14O9[M]+,KMeans,0.234161352846666
C12H14O9[M]+,Recolorize,0.366612519816592
C12H14O9[M]+,Supercells,0.869092360181701
C12H14O9[M]+,Binning,0.454282538996581
C12H14O9[M]+,MultiOtsu,0.378633731850155
C12H14O9[M]+,PyTorch,0.814663637157583
C6H14N2O2[M]+,Truth,0.0274747481785128
C6H14N2O2[M]+,Clara,0.0795277119889293
C6H14N2O2[M]+,KCC,0.016337533435619
C6H14N2O2[M]+,KMeans,0.016337533435619
C6H14N2O2[M]+,Recolorize,0.205008963436251
C6H14N2O2[M]+,Supercells,0.456536982750087
C6H14N2O2[M]+,Binning,0.187076225256094
C6H14N2O2[M]+,MultiOtsu,0.0280288488394201
C6H14N2O2[M]+,PyTorch,0.0179788948152759
C12H18O4S2[M]+,Truth,0.658755512614226
C12H18O4S2[M]+,Clara,0.225464153824624
C12H18O4S2[M]+,KCC,0.107649450083396
C12H18O4S2[M]+,KMeans,0.107649450083396
C12H18O4S2[M]+,Recolorize,0.998705790919481
C12H18O4S2[M]+,Supercells,0.983881106247415
C12H18O4S2[M]+,Binning,0.585496018343811
C12H18O4S2[M]+,MultiOtsu,0.34992876366164
C12H18O4S2[M]+,PyTorch,0.676651396413102
C6H13NO3[M]+,Truth,0.654360525439049
C6H13NO3[M]+,Clara,0.316099097494592
C6H13NO3[M]+,KCC,0.916676677875686
C6H13NO3[M]+,KMeans,0.916676677875686
C6H13NO3[M]+,Recolorize,0.520192828053356
C6H13NO3[M]+,Supercells,0.596880879822722
C6H13NO3[M]+,Binning,0.993108435596957
C6H13NO3[M]+,MultiOtsu,0.879652896732281
C6H13NO3[M]+,PyTorch,0.361873615137635
C9H12O4S[M]+,Truth,0.888159003904557
C9H12O4S[M]+,Clara,0.33422776158918
C9H12O4S[M]+,KCC,0.377671388746496
C9H12O4S[M]+,KMeans,0.377671388746496
C9H12O4S[M]+,Recolorize,0.520721723927897
C9H12O4S[M]+,Supercells,0.966786277192468
C9H12O4S[M]+,Binning,0.0431184471081398
C9H12O4S[M]+,MultiOtsu,0.480679196807983
C9H12O4S[M]+,PyTorch,0.164232074277672
C9H16N4O5[M]+,Truth,0.206045954374988
C9H16N4O5[M]+,Clara,0.0483583809408969
C9H16N4O5[M]+,KCC,0.0454526957198205
C9H16N4O5[M]+,KMeans,0.0454526957198205
C9H16N4O5[M]+,Recolorize,0.307627308551088
C9H16N4O5[M]+,Supercells,0.317942052604588
C9H16N4O5[M]+,Binning,0.357053491686191
C9H16N4O5[M]+,MultiOtsu,0.0629786845808102
C9H16N4O5[M]+,PyTorch,0.912465988146365
C9H10O6[M]+,Truth,0.893273445602424
C9H10O6[M]+,Clara,0.358270508286205
C9H10O6[M]+,KCC,0.334904170730852
C9H10O6[M]+,KMeans,0.334904170730852
C9H10O6[M]+,Recolorize,0.404776684546902
C9H10O6[M]+,Supercells,0.950201772080994
C9H10O6[M]+,Binning,0.0389321616322138
C9H10O6[M]+,MultiOtsu,0.492736703765615
C9H10O6[M]+,PyTorch,0.239231571580172
C15H20O10[M]+,Truth,0.871121622769869
C15H20O10[M]+,Clara,0.554782758807045
C15H20O10[M]+,KCC,0.405949256913094
C15H20O10[M]+,KMeans,0.405949256913094
C15H20O10[M]+,Recolorize,0.501429137509747
C15H20O10[M]+,Supercells,0.983670308003138
C15H20O10[M]+,Binning,0.0899580163428268
C15H20O10[M]+,MultiOtsu,0.653972121773077
C15H20O10[M]+,PyTorch,0.501976124659868
C10H12O3[M]+,Truth,0.723551851948296
C10H12O3[M]+,Clara,0.756917653348356
C10H12O3[M]+,KCC,0.883454339399231
C10H12O3[M]+,KMeans,0.883454339399231
C10H12O3[M]+,Recolorize,0.746200195958879
C10H12O3[M]+,Supercells,0.807048093438145
C10H12O3[M]+,Binning,0.512668101385184
C10H12O3[M]+,MultiOtsu,0.871076390948792
C10H12O3[M]+,PyTorch,0.75340988043548
C6H6O5[M]+,Truth,0.897823091513464
C6H6O5[M]+,Clara,0.105059873313271
C6H6O5[M]+,KCC,0.154545050874075
C6H6O5[M]+,KMeans,0.154545050874075
C6H6O5[M]+,Recolorize,0.95779639163692
C6H6O5[M]+,Supercells,0.24573384228615
C6H6O5[M]+,Binning,0.369373674692979
C6H6O5[M]+,MultiOtsu,0.27080210958947
C6H6O5[M]+,PyTorch,0.533912034421009
C7H14OS3[M]+,Truth,0.536949120320381
C7H14OS3[M]+,Clara,0.588112510196444
C7H14OS3[M]+,KCC,0.779693787693847
C7H14OS3[M]+,KMeans,0.779693787693847
C7H14OS3[M]+,Recolorize,0.449703783310733
C7H14OS3[M]+,Supercells,0.548854878531444
C7H14OS3[M]+,Binning,0.240164834373237
C7H14OS3[M]+,MultiOtsu,0.762260114650713
C7H14OS3[M]+,PyTorch,0.652201398429026
C5H8O2[M]+,Truth,0.513092335663252
C5H8O2[M]+,Clara,0.53413020070565
C5H8O2[M]+,KCC,0.784539502686013
C5H8O2[M]+,KMeans,0.784539502686013
C5H8O2[M]+,Recolorize,0.870411237475603
C5H8O2[M]+,Supercells,0.118763056649365
C5H8O2[M]+,Binning,0.379981536037807
C5H8O2[M]+,MultiOtsu,0.814983356882822
C5H8O2[M]+,PyTorch,0.372215384504816
C6H11NS[M]+,Truth,8.03820529991904e-08
C6H11NS[M]+,Clara,0.51622031717304
C6H11NS[M]+,KCC,0.142000139975277
C6H11NS[M]+,KMeans,0.142000139975277
C6H11NS[M]+,Recolorize,0.0129191806660076
C6H11NS[M]+,Supercells,0.236147008355341
C6H11NS[M]+,Binning,0.0115229365416972
C6H11NS[M]+,MultiOtsu,0.155819761550387
C6H11NS[M]+,PyTorch,0.000128801399927024
C13H16O10[M]+,Truth,0.787698862887462
C13H16O10[M]+,Clara,0.446753097930056
C13H16O10[M]+,KCC,0.212817844040635
C13H16O10[M]+,KMeans,0.212817844040635
C13H16O10[M]+,Recolorize,0.589064997535594
C13H16O10[M]+,Supercells,0.583798772155118
C13H16O10[M]+,Binning,0.724696707646756
C13H16O10[M]+,MultiOtsu,0.615111258534036
C13H16O10[M]+,PyTorch,0.981027036451957
C4H9NO2[M]+,Truth,0.63568767751961
C4H9NO2[M]+,Clara,0.121417078388596
C4H9NO2[M]+,KCC,0.187409467833434
C4H9NO2[M]+,KMeans,0.187409467833434
C4H9NO2[M]+,Recolorize,0.077428369631392
C4H9NO2[M]+,Supercells,0.0784341993133474
C4H9NO2[M]+,Binning,0.228709265661825
C4H9NO2[M]+,MultiOtsu,0.229337944806887
C4H9NO2[M]+,PyTorch,0.797295607706561
C12H16O7[M]+,Truth,0.417716260719745
C12H16O7[M]+,Clara,0.266766157548035
C12H16O7[M]+,KCC,0.106257547164055
C12H16O7[M]+,KMeans,0.106257547164055
C12H16O7[M]+,Recolorize,0.185919507463432
C12H16O7[M]+,Supercells,0.953866137580214
C12H16O7[M]+,Binning,0.0386862886055365
C12H16O7[M]+,MultiOtsu,0.313415771126181
C12H16O7[M]+,PyTorch,0.597064357075052
C5H4O4[M]+,Truth,0.38137907867191
C5H4O4[M]+,Clara,0.322692288057276
C5H4O4[M]+,KCC,0.277251403892844
C5H4O4[M]+,KMeans,0.277251403892844
C5H4O4[M]+,Recolorize,0.432088143133603
C5H4O4[M]+,Supercells,0.434962315817354
C5H4O4[M]+,Binning,0.807830366245025
C5H4O4[M]+,MultiOtsu,0.132723995985475
C5H4O4[M]+,PyTorch,0.151149879170827
C8H18O8[M]+,Truth,0.368653425027352
C8H18O8[M]+,Clara,0.253831572021431
C8H18O8[M]+,KCC,0.160912485903964
C8H18O8[M]+,KMeans,0.160912485903964
C8H18O8[M]+,Recolorize,0.197003304840974
C8H18O8[M]+,Supercells,0.387945847895486
C8H18O8[M]+,Binning,0.581526897737558
C8H18O8[M]+,MultiOtsu,0.200066640802475
C8H18O8[M]+,PyTorch,0.200019525600497
C17H19ClN2S[M]+,Truth,0.272755970036646
C17H19ClN2S[M]+,Clara,0.367806676886752
C17H19ClN2S[M]+,KCC,0.102040320686332
C17H19ClN2S[M]+,KMeans,0.102040320686332
C17H19ClN2S[M]+,Recolorize,0.615487610685383
C17H19ClN2S[M]+,Supercells,0.97400898080152
C17H19ClN2S[M]+,Binning,0.272465099398765
C17H19ClN2S[M]+,MultiOtsu,0.389024671673899
C17H19ClN2S[M]+,PyTorch,0.801783278659378
C18H16ClFN2O2[M]+,Truth,0.860528412740057
C18H16ClFN2O2[M]+,Clara,0.185550460520867
C18H16ClFN2O2[M]+,KCC,0.192180739288188
C18H16ClFN2O2[M]+,KMeans,0.192180739288188
C18H16ClFN2O2[M]+,Recolorize,0.4338857766884
C18H16ClFN2O2[M]+,Supercells,0.635049024060813
C18H16ClFN2O2[M]+,Binning,0.863586331162155
C18H16ClFN2O2[M]+,MultiOtsu,0.364329952029459
C18H16ClFN2O2[M]+,PyTorch,0.715825114375545
C10H16N2O7[M]+,Truth,0.0413274143586448
C10H16N2O7[M]+,Clara,0.521452099635144
C10H16N2O7[M]+,KCC,0.604272011508548
C10H16N2O7[M]+,KMeans,0.604272011508548
C10H16N2O7[M]+,Recolorize,0.525029066436077
C10H16N2O7[M]+,Supercells,0.668668695594864
C10H16N2O7[M]+,Binning,0.753511441447573
C10H16N2O7[M]+,MultiOtsu,0.681592373511162
C10H16N2O7[M]+,PyTorch,0.0335371226139517
C2H5NO2[M]+,Truth,0.0108670961191961
C2H5NO2[M]+,Clara,0.0831459917338638
C2H5NO2[M]+,KCC,0.013637198424738
C2H5NO2[M]+,KMeans,0.013637198424738
C2H5NO2[M]+,Recolorize,0.17256734621981
C2H5NO2[M]+,Supercells,0.616254373268171
C2H5NO2[M]+,Binning,0.378869587270437
C2H5NO2[M]+,MultiOtsu,0.0346709056349218
C2H5NO2[M]+,PyTorch,0.0285869044122249
C7H14N2O4[M]+,Truth,0.219215864604937
C7H14N2O4[M]+,Clara,0.347335519450325
C7H14N2O4[M]+,KCC,0.995853079517948
C7H14N2O4[M]+,KMeans,0.995853079517948
C7H14N2O4[M]+,Recolorize,0.407682764011557
C7H14N2O4[M]+,Supercells,0.852032868080702
C7H14N2O4[M]+,Binning,0.456560924314184
C7H14N2O4[M]+,MultiOtsu,0.687730747041353
C7H14N2O4[M]+,PyTorch,0.234188151166258
C10H8O6[M]+,Truth,0.0876086220552957
C10H8O6[M]+,Clara,0.141044591493456
C10H8O6[M]+,KCC,0.0355743992835632
C10H8O6[M]+,KMeans,0.0355743992835632
C10H8O6[M]+,Recolorize,0.393921784480698
C10H8O6[M]+,Supercells,0.0477354478120927
C10H8O6[M]+,Binning,0.0233390541423972
C10H8O6[M]+,MultiOtsu,0.147362534922015
C10H8O6[M]+,PyTorch,0.25234885044293
C7H11N3O3[M]+,Truth,0.912896539350788
C7H11N3O3[M]+,Clara,0.114103219099639
C7H11N3O3[M]+,KCC,0.13577979444428
C7H11N3O3[M]+,KMeans,0.13577979444428
C7H11N3O3[M]+,Recolorize,0.000440493083223822
C7H11N3O3[M]+,Supercells,0.00140824738404899
C7H11N3O3[M]+,Binning,0.0011731687536419
C7H11N3O3[M]+,MultiOtsu,0.159098985775578
C7H11N3O3[M]+,PyTorch,0.593092181140492
C24H18O10[M]+,Truth,0.109940571698118
C24H18O10[M]+,Clara,0.340470155949972
C24H18O10[M]+,KCC,0.254328940561942
C24H18O10[M]+,KMeans,0.254328940561942
C24H18O10[M]+,Recolorize,0.208474059573198
C24H18O10[M]+,Supercells,0.292338288904113
C24H18O10[M]+,Binning,0.275542875210929
C24H18O10[M]+,MultiOtsu,0.298451039696746
C24H18O10[M]+,PyTorch,0.116929421048882
C10H12N4O5[M]+,Truth,0.844873120113465
C10H12N4O5[M]+,Clara,0.199532891309994
C10H12N4O5[M]+,KCC,0.234752148404331
C10H12N4O5[M]+,KMeans,0.234752148404331
C10H12N4O5[M]+,Recolorize,0.339337258032604
C10H12N4O5[M]+,Supercells,0.794604222801536
C10H12N4O5[M]+,Binning,0.559842268993878
C10H12N4O5[M]+,MultiOtsu,0.261358108458093
C10H12N4O5[M]+,PyTorch,0.83818986779186
C7H12O3S[M]+,Truth,0.208236780482034
C7H12O3S[M]+,Clara,0.246764485245752
C7H12O3S[M]+,KCC,0.398268007385762
C7H12O3S[M]+,KMeans,0.398268007385762
C7H12O3S[M]+,Recolorize,0.594114237898098
C7H12O3S[M]+,Supercells,0.37762095200535
C7H12O3S[M]+,Binning,0.186763162179637
C7H12O3S[M]+,MultiOtsu,0.552954017290683
C7H12O3S[M]+,PyTorch,0.124085658329791
C7H7NO5[M]+,Truth,0.593281318909964
C7H7NO5[M]+,Clara,0.197459369379622
C7H7NO5[M]+,KCC,0.111443730544044
C7H7NO5[M]+,KMeans,0.111443730544044
C7H7NO5[M]+,Recolorize,0.000106554194365402
C7H7NO5[M]+,Supercells,0.588963740674554
C7H7NO5[M]+,Binning,0.000353736407041149
C7H7NO5[M]+,MultiOtsu,0.179913868084438
C7H7NO5[M]+,PyTorch,0.00956131668092821
C9H14N4O4[M]+,Truth,0.381543654749133
C9H14N4O4[M]+,Clara,0.316930118728576
C9H14N4O4[M]+,KCC,0.212322446132367
C9H14N4O4[M]+,KMeans,0.212322446132367
C9H14N4O4[M]+,Recolorize,0.170264945434931
C9H14N4O4[M]+,Supercells,0.357226278636404
C9H14N4O4[M]+,Binning,0.547748027666982
C9H14N4O4[M]+,MultiOtsu,0.258704766366318
C9H14N4O4[M]+,PyTorch,0.211126647697821
C12H25N5O3[M]+,Truth,0.797023396025281
C12H25N5O3[M]+,Clara,0.019866636200531
C12H25N5O3[M]+,KCC,0.182524667693403
C12H25N5O3[M]+,KMeans,0.182524667693403
C12H25N5O3[M]+,Recolorize,0.851297722420988
C12H25N5O3[M]+,Supercells,0.604591372672968
C12H25N5O3[M]+,Binning,0.480096303196114
C12H25N5O3[M]+,MultiOtsu,0.147511464232333
C12H25N5O3[M]+,PyTorch,0.96983100060788
C12H12O7[M]+,Truth,0.130168470112358
C12H12O7[M]+,Clara,0.0813355189593361
C12H12O7[M]+,KCC,0.0330428038326094
C12H12O7[M]+,KMeans,0.0330428038326094
C12H12O7[M]+,Recolorize,0.0613164804223841
C12H12O7[M]+,Supercells,0.0390476461478247
C12H12O7[M]+,Binning,0.00513732595529343
C12H12O7[M]+,MultiOtsu,0.107883670627499
C12H12O7[M]+,PyTorch,0.251996913356197
C15H26O8[M]+,Truth,0.146503533983771
C15H26O8[M]+,Clara,0.0122855627742755
C15H26O8[M]+,KCC,0.0950052687027873
C15H26O8[M]+,KMeans,0.0950052687027873
C15H26O8[M]+,Recolorize,8.61698009368715e-06
C15H26O8[M]+,Supercells,0.301035806970677
C15H26O8[M]+,Binning,6.47376396607658e-05
C15H26O8[M]+,MultiOtsu,0.0824997242657484
C15H26O8[M]+,PyTorch,0.21744500208908
C20H28O3[M]+,Truth,0.670364474988905
C20H28O3[M]+,Clara,0.238663608652733
C20H28O3[M]+,KCC,0.854607620216968
C20H28O3[M]+,KMeans,0.854607620216968
C20H28O3[M]+,Recolorize,0.5734432843512
C20H28O3[M]+,Supercells,0.964736920743361
C20H28O3[M]+,Binning,0.704041175642085
C20H28O3[M]+,MultiOtsu,0.508141967456043
C20H28O3[M]+,PyTorch,0.698079875934902
C30H24O11[M]+,Truth,0.00717136774197616
C30H24O11[M]+,Clara,0.597239873227022
C30H24O11[M]+,KCC,0.409476301160487
C30H24O11[M]+,KMeans,0.409476301160487
C30H24O11[M]+,Recolorize,0.5143638385619
C30H24O11[M]+,Supercells,0.817424409281473
C30H24O11[M]+,Binning,0.927544487815199
C30H24O11[M]+,MultiOtsu,0.496741981753549
C30H24O11[M]+,PyTorch,0.1036854752355
C19H22F2N4O3[M]+,Truth,0.832935498525206
C19H22F2N4O3[M]+,Clara,0.966739571240072
C19H22F2N4O3[M]+,KCC,0.969588886258365
C19H22F2N4O3[M]+,KMeans,0.969588886258365
C19H22F2N4O3[M]+,Recolorize,0.352300170116183
C19H22F2N4O3[M]+,Supercells,0.663063042122987
C19H22F2N4O3[M]+,Binning,0.249119429888945
C19H22F2N4O3[M]+,MultiOtsu,0.613816152430437
C19H22F2N4O3[M]+,PyTorch,0.132400585610626
